-- phpMyAdmin SQL Dump
-- version 4.2.7.1
-- http://www.phpmyadmin.net
--
-- Host: 127.0.0.1
-- Generation Time: Nov 28, 2016 at 11:26 AM
-- Server version: 5.6.20
-- PHP Version: 5.5.15

SET SQL_MODE = "NO_AUTO_VALUE_ON_ZERO";
SET time_zone = "+00:00";


/*!40101 SET @OLD_CHARACTER_SET_CLIENT=@@CHARACTER_SET_CLIENT */;
/*!40101 SET @OLD_CHARACTER_SET_RESULTS=@@CHARACTER_SET_RESULTS */;
/*!40101 SET @OLD_COLLATION_CONNECTION=@@COLLATION_CONNECTION */;
/*!40101 SET NAMES utf8 */;

--
-- Database: `cbsnext`
--

-- --------------------------------------------------------

--
-- Table structure for table `x_accounts`
--

CREATE TABLE IF NOT EXISTS `x_accounts` (
`id` int(10) unsigned NOT NULL,
  `category` varchar(255) COLLATE utf8_unicode_ci NOT NULL,
  `code` int(11) NOT NULL,
  `name` varchar(255) COLLATE utf8_unicode_ci NOT NULL,
  `active` tinyint(1) NOT NULL,
  `created_at` timestamp NOT NULL DEFAULT '0000-00-00 00:00:00',
  `updated_at` timestamp NOT NULL DEFAULT '0000-00-00 00:00:00'
) ENGINE=InnoDB  DEFAULT CHARSET=utf8 COLLATE=utf8_unicode_ci AUTO_INCREMENT=21 ;

--
-- Dumping data for table `x_accounts`
--

INSERT INTO `x_accounts` (`id`, `category`, `code`, `name`, `active`, `created_at`, `updated_at`) VALUES
(1, 'ASSET', 1001, 'CASH ACCOUNT', 1, '0000-00-00 00:00:00', '0000-00-00 00:00:00'),
(2, 'ASSET', 1002, 'BANK ACCOUNT', 1, '0000-00-00 00:00:00', '0000-00-00 00:00:00'),
(3, 'ASSET', 1003, 'EMERGENCY LOAN ACCOUNT', 1, '0000-00-00 00:00:00', '0000-00-00 00:00:00'),
(4, 'ASSET', 1004, 'BIDHAA LOAN ACCOUNT', 1, '0000-00-00 00:00:00', '0000-00-00 00:00:00'),
(5, 'LIABILITY', 5001, 'EMERGENCY LOAN OVERPAYMENT', 1, '0000-00-00 00:00:00', '0000-00-00 00:00:00'),
(6, 'LIABILITY', 5002, 'EMERGENCY LOAN OFFSET', 1, '0000-00-00 00:00:00', '0000-00-00 00:00:00'),
(7, 'LIABILITY', 5003, 'EMERGENCY LOAN REPAYMENT', 1, '0000-00-00 00:00:00', '0000-00-00 00:00:00'),
(8, 'LIABILITY', 5004, 'BIDHAA LOAN OVERPAYMENT', 1, '0000-00-00 00:00:00', '0000-00-00 00:00:00'),
(9, 'LIABILITY', 5005, 'BIDHAA LOAN OFFSET', 1, '0000-00-00 00:00:00', '0000-00-00 00:00:00'),
(10, 'LIABILITY', 5006, 'BIDHAA LOAN REPAYMENT', 1, '0000-00-00 00:00:00', '0000-00-00 00:00:00'),
(11, 'LIABILITY', 5007, 'MEMBER SAVINGS ACCOUNT', 1, '0000-00-00 00:00:00', '0000-00-00 00:00:00'),
(12, 'INCOME', 2001, 'EMERGENCY LOAN INTEREST', 1, '0000-00-00 00:00:00', '0000-00-00 00:00:00'),
(13, 'INCOME', 2002, 'EMERGENCY LOAN FEES', 1, '0000-00-00 00:00:00', '0000-00-00 00:00:00'),
(14, 'INCOME', 2003, 'EMERGENCY LOAN PENALTIES', 1, '0000-00-00 00:00:00', '0000-00-00 00:00:00'),
(15, 'INCOME', 2004, 'BIDHAA LOAN INTEREST', 1, '0000-00-00 00:00:00', '0000-00-00 00:00:00'),
(16, 'INCOME', 2005, 'BIDHAA LOAN FEES', 1, '0000-00-00 00:00:00', '0000-00-00 00:00:00'),
(17, 'INCOME', 2006, 'BIDHAA LOAN PENALTIES', 1, '0000-00-00 00:00:00', '0000-00-00 00:00:00'),
(18, 'EXPENSE', 3001, 'Emergency Loan Written Off', 1, '2016-06-21 04:14:39', '2016-06-21 04:14:39'),
(19, 'EXPENSE', 3002, 'Bidhaa Loan Written Off', 1, '2016-06-21 04:15:04', '2016-06-21 04:15:04'),
(20, 'INCOME', 2009, 'Member Savings Fee', 1, '2016-06-21 09:33:07', '2016-06-21 09:33:07');

-- --------------------------------------------------------

--
-- Table structure for table `x_assigned_roles`
--

CREATE TABLE IF NOT EXISTS `x_assigned_roles` (
`id` int(10) unsigned NOT NULL,
  `user_id` int(10) unsigned NOT NULL,
  `role_id` int(10) unsigned NOT NULL
) ENGINE=InnoDB DEFAULT CHARSET=utf8 COLLATE=utf8_unicode_ci AUTO_INCREMENT=1 ;

-- --------------------------------------------------------

--
-- Table structure for table `x_audits`
--

CREATE TABLE IF NOT EXISTS `x_audits` (
`id` int(10) unsigned NOT NULL,
  `date` date DEFAULT NULL,
  `user` varchar(255) COLLATE utf8_unicode_ci DEFAULT NULL,
  `action` varchar(255) COLLATE utf8_unicode_ci DEFAULT NULL,
  `entity` varchar(255) COLLATE utf8_unicode_ci DEFAULT NULL,
  `amount` float(10,0) DEFAULT NULL,
  `created_at` timestamp NOT NULL DEFAULT '0000-00-00 00:00:00',
  `updated_at` timestamp NOT NULL DEFAULT '0000-00-00 00:00:00'
) ENGINE=InnoDB  DEFAULT CHARSET=utf8 COLLATE=utf8_unicode_ci AUTO_INCREMENT=320 ;

--
-- Dumping data for table `x_audits`
--

INSERT INTO `x_audits` (`id`, `date`, `user`, `action`, `entity`, `amount`, `created_at`, `updated_at`) VALUES
(1, '2016-06-21', 'cris', 'loan product creation', 'Loans', 0, '2016-06-21 08:36:55', '2016-06-21 08:36:55'),
(2, '2016-06-21', 'cris', 'loan product creation', 'Loans', 0, '2016-06-21 08:37:49', '2016-06-21 08:37:49'),
(3, '2016-06-21', 'cris', 'loan application', 'Loans', 15000, '2016-06-21 08:57:20', '2016-06-21 08:57:20'),
(4, '2016-06-21', 'cris', 'loan application', 'Loans', 30000, '2016-06-21 08:58:53', '2016-06-21 08:58:53'),
(5, '2016-06-21', 'cris', 'loan application', 'Loans', 20000, '2016-06-21 08:59:51', '2016-06-21 08:59:51'),
(6, '2016-06-21', 'cris', 'loan application', 'Loans', 10000, '2016-06-21 09:01:05', '2016-06-21 09:01:05'),
(7, '2016-06-21', 'cris', 'loan application', 'Loans', 20000, '2016-06-21 09:01:52', '2016-06-21 09:01:52'),
(8, '2016-06-21', 'cris', 'loan application', 'Loans', 25000, '2016-06-21 09:02:43', '2016-06-21 09:02:43'),
(9, '2016-06-21', 'cris', 'loan application', 'Loans', 10000, '2016-06-21 09:03:55', '2016-06-21 09:03:55'),
(10, '2016-06-21', 'cris', 'loan disbursement', 'Loans', 18600, '2016-06-21 09:04:12', '2016-06-21 09:04:12'),
(11, '2016-06-21', 'cris', 'loan disbursement', 'Loans', 40800, '2016-06-21 09:04:23', '2016-06-21 09:04:23'),
(12, '2016-06-30', 'cris', 'loan repayment', 'Loans', 10000, '2016-06-21 09:09:23', '2016-06-21 09:09:23'),
(13, '2016-06-21', 'cris', 'loan repayment', 'Loans', 11925, '2016-06-21 09:14:53', '2016-06-21 09:14:53'),
(14, '2016-06-21', 'cris', '', 'Savings', 10, '2016-06-21 09:40:33', '2016-06-21 09:40:33'),
(15, '2016-06-21', 'cris', '', 'Savings', 20000, '2016-06-21 09:41:11', '2016-06-21 09:41:11'),
(16, '2016-06-21', 'cris', '', 'Savings', 4000, '2016-06-21 09:41:45', '2016-06-21 09:41:45'),
(17, '2016-06-21', 'cris', '', 'Savings', 15000, '2016-06-21 09:43:21', '2016-06-21 09:43:21'),
(18, '2016-06-21', 'cris', '', 'Savings', 30000, '2016-06-21 09:44:10', '2016-06-21 09:44:10'),
(19, '2016-06-21', 'cris', '', 'Savings', 22000, '2016-06-21 09:44:50', '2016-06-21 09:44:50'),
(20, '2016-06-21', 'cris', '', 'Savings', 25000, '2016-06-21 09:45:23', '2016-06-21 09:45:23'),
(21, '2016-06-21', 'cris', '', 'Savings', 18000, '2016-06-21 09:45:58', '2016-06-21 09:45:58'),
(22, '2016-06-21', 'cris', '', 'Savings', 40000, '2016-06-21 09:46:24', '2016-06-21 09:46:24'),
(23, '2016-06-24', 'cris', 'loan application', 'Loans', 10000, '2016-06-24 08:10:45', '2016-06-24 08:10:45'),
(24, '2016-06-24', 'cris', 'loan disbursement', 'Loans', 13760, '2016-06-24 08:13:02', '2016-06-24 08:13:02'),
(25, '2016-06-14', 'cris', 'loan repayment', 'Loans', 1000, '2016-06-24 08:15:40', '2016-06-24 08:15:40'),
(26, '2016-06-24', 'cris', 'loan repayment', 'Loans', 7773, '2016-06-24 08:17:06', '2016-06-24 08:17:06'),
(27, '2016-06-24', 'cris', 'loan repayment', 'Loans', 7067, '2016-06-24 08:17:41', '2016-06-24 08:17:41'),
(28, '2016-06-24', 'cris', 'loan repayment', 'Loans', 40800, '2016-06-24 08:18:29', '2016-06-24 08:18:29'),
(29, '2016-07-06', 'cris', 'loan application', 'Loans', 10000, '2016-07-06 09:35:13', '2016-07-06 09:35:13'),
(30, '2016-07-06', 'cris', 'loan disbursement', 'Loans', 34000, '2016-07-06 09:42:35', '2016-07-06 09:42:35'),
(31, '2016-07-28', 'cris', 'loan repayment', 'Loans', 4000, '2016-07-06 09:45:25', '2016-07-06 09:45:25'),
(32, '2016-07-06', 'cris', 'loan repayment', 'Loans', 30000, '2016-07-06 09:46:04', '2016-07-06 09:46:04'),
(33, '2016-07-06', 'cris', '', 'Savings', 20000, '2016-07-06 09:57:32', '2016-07-06 09:57:32'),
(34, '2016-07-11', 'cris', '', 'Savings', 300000, '2016-07-11 09:51:20', '2016-07-11 09:51:20'),
(35, '2016-07-11', 'cris', 'loan application', 'Loans', 15000, '2016-07-11 09:52:57', '2016-07-11 09:52:57'),
(36, '2016-07-11', 'cris', 'loan disbursement', 'Loans', 20400, '2016-07-11 09:53:50', '2016-07-11 09:53:50'),
(37, '2016-07-20', 'cris', 'loan repayment', 'Loans', 3400, '2016-07-11 09:54:55', '2016-07-11 09:54:55'),
(38, '2016-07-22', 'cris', 'loan application', 'Loans', 20000, '2016-07-22 03:00:54', '2016-07-22 03:00:54'),
(39, '2016-07-22', 'cris', 'loan disbursement', 'Loans', 27200, '2016-07-22 03:05:34', '2016-07-22 03:05:34'),
(40, '2016-07-22', 'cris', 'loan disbursement', 'Loans', 11800, '2016-07-22 03:05:51', '2016-07-22 03:05:51'),
(41, '2016-07-27', 'cris', 'loan application', 'Loans', 15000, '2016-07-27 06:09:55', '2016-07-27 06:09:55'),
(42, '2016-07-27', 'cris', 'loan disbursement', 'Loans', 20400, '2016-07-27 06:11:02', '2016-07-27 06:11:02'),
(43, '2016-07-26', 'cris', 'loan repayment', 'Loans', 3000, '2016-07-27 06:14:02', '2016-07-27 06:14:02'),
(44, '2016-07-27', 'cris', '', 'Savings', 20000, '2016-07-27 06:15:41', '2016-07-27 06:15:41'),
(45, '2016-08-03', 'cris', 'loan application', 'Loans', 15000, '2016-08-03 07:25:09', '2016-08-03 07:25:09'),
(46, '2016-08-03', 'cris', 'loan disbursement', 'Loans', 20400, '2016-08-03 07:25:38', '2016-08-03 07:25:38'),
(47, '2016-08-04', 'cris', 'loan application', 'Loans', 12000, '2016-08-04 10:04:54', '2016-08-04 10:04:54'),
(48, '2016-08-04', 'cris', 'loan disbursement', 'Loans', 16320, '2016-08-04 10:05:57', '2016-08-04 10:05:57'),
(49, '2016-09-13', 'cris', 'member creation', 'Member', 0, '2016-09-13 06:05:01', '2016-09-13 06:05:01'),
(50, '2016-09-13', 'cris', '', 'Savings', 10000, '2016-09-13 06:06:34', '2016-09-13 06:06:34'),
(51, '2016-09-13', 'cris', 'loan application', 'Loans', 15000, '2016-09-13 06:07:02', '2016-09-13 06:07:02'),
(52, '2016-09-13', 'cris', 'loan disbursement', 'Loans', 17700, '2016-09-13 06:07:28', '2016-09-13 06:07:28'),
(53, '2016-09-13', 'cris', 'loan repayment', 'Loans', 2000, '2016-09-13 06:12:20', '2016-09-13 06:12:20'),
(54, '2016-09-21', 'cris', 'loan application', 'Loans', 5000, '2016-09-21 07:27:16', '2016-09-21 07:27:16'),
(55, '2016-09-21', 'cris', 'loan disbursement', 'Loans', 5900, '2016-09-21 07:28:22', '2016-09-21 07:28:22'),
(56, '2016-09-22', 'cris', 'loan application', 'Loans', 7000, '2016-09-22 04:08:28', '2016-09-22 04:08:28'),
(57, '2016-09-22', 'cris', 'loan disbursement', 'Loans', 7080, '2016-09-22 04:10:33', '2016-09-22 04:10:33'),
(58, '2016-10-10', 'cris', 'member creation', 'Member', 0, '2016-10-10 06:39:35', '2016-10-10 06:39:35'),
(59, '2016-10-10', 'cris', 'Banks', 'view', 0, '2016-10-10 06:42:53', '2016-10-10 06:42:53'),
(60, '2016-10-10', 'cris', 'Bank branches', 'view', 0, '2016-10-10 06:43:05', '2016-10-10 06:43:05'),
(61, '2016-10-10', 'LTL2', 'loan application', 'Loans', 10000, '2016-10-10 09:34:56', '2016-10-10 09:34:56'),
(62, '2016-10-10', 'LTL2', 'loan application', 'Loans', 12500, '2016-10-10 09:40:12', '2016-10-10 09:40:12'),
(63, '2016-10-10', 'LTL2', 'loan application', 'Loans', 56000, '2016-10-10 09:42:47', '2016-10-10 09:42:47'),
(64, '2016-10-10', 'LTL2', 'loan application', 'Loans', 45000, '2016-10-10 09:59:24', '2016-10-10 09:59:24'),
(65, '2016-10-10', 'LTL2', 'loan disbursement', 'Loans', 58500, '2016-10-10 10:03:39', '2016-10-10 10:03:39'),
(66, '2016-10-10', 'LTL2', 'loan application', 'Loans', 50000, '2016-10-10 10:14:56', '2016-10-10 10:14:56'),
(67, '2016-10-10', 'LTL2', 'loan application', 'Loans', 60000, '2016-10-10 10:47:43', '2016-10-10 10:47:43'),
(68, '2016-10-11', 'LTL2', 'loan application', 'Loans', 45000, '2016-10-11 03:52:41', '2016-10-11 03:52:41'),
(69, '2016-10-11', 'LTL2', 'loan application', 'Loans', 20000, '2016-10-11 04:01:33', '2016-10-11 04:01:33'),
(70, '2016-10-11', 'LTL2', 'loan application', 'Loans', 55000, '2016-10-11 04:28:45', '2016-10-11 04:28:45'),
(71, '0000-00-00', 'LTL2', 'loan repayment', 'Loans', 0, '2016-10-11 06:17:02', '2016-10-11 06:17:02'),
(72, '0000-00-00', 'LTL2', 'loan repayment', 'Loans', 0, '2016-10-11 06:40:16', '2016-10-11 06:40:16'),
(73, '0000-00-00', 'LTL2', 'loan repayment', 'Loans', 0, '2016-10-11 06:41:37', '2016-10-11 06:41:37'),
(74, '0000-00-00', 'LTL2', 'loan repayment', 'Loans', 0, '2016-10-11 06:52:40', '2016-10-11 06:52:40'),
(75, '0000-00-00', 'LTL2', 'loan repayment', 'Loans', 0, '2016-10-11 06:56:27', '2016-10-11 06:56:27'),
(76, '0000-00-00', 'LTL2', 'loan repayment', 'Loans', 0, '2016-10-11 06:56:51', '2016-10-11 06:56:51'),
(77, '0000-00-00', 'LTL2', 'loan repayment', 'Loans', 0, '2016-10-11 06:57:25', '2016-10-11 06:57:25'),
(78, '0000-00-00', 'LTL2', 'loan repayment', 'Loans', 0, '2016-10-11 06:57:56', '2016-10-11 06:57:56'),
(79, '0000-00-00', 'LTL2', 'loan repayment', 'Loans', 0, '2016-10-11 06:58:16', '2016-10-11 06:58:16'),
(80, '0000-00-00', 'LTL2', 'loan repayment', 'Loans', 0, '2016-10-11 07:00:11', '2016-10-11 07:00:11'),
(81, '0000-00-00', 'LTL2', 'loan repayment', 'Loans', 0, '2016-10-11 07:57:57', '2016-10-11 07:57:57'),
(82, '2016-10-29', 'LTL2', 'loan repayment', 'Loans', 15000, '2016-10-11 08:48:02', '2016-10-11 08:48:02'),
(83, '2016-10-19', 'LTL2', 'loan repayment', 'Loans', 24000, '2016-10-11 08:55:03', '2016-10-11 08:55:03'),
(84, '2016-10-27', 'LTL2', 'loan repayment', 'Loans', 24000, '2016-10-11 09:00:50', '2016-10-11 09:00:50'),
(85, '2016-10-31', 'LTL2', 'loan repayment', 'Loans', 24000, '2016-10-11 09:05:47', '2016-10-11 09:05:47'),
(86, '0000-00-00', 'LTL2', 'loan repayment', 'Loans', 0, '2016-10-11 09:17:28', '2016-10-11 09:17:28'),
(87, '2016-10-21', 'LTL2', 'loan repayment', 'Loans', 27000, '2016-10-11 09:20:29', '2016-10-11 09:20:29'),
(88, '2016-10-12', 'LTL2', 'loan repayment', 'Loans', 27000, '2016-10-11 09:21:22', '2016-10-11 09:21:22'),
(89, '2016-10-14', 'LTL2', 'loan repayment', 'Loans', 33000, '2016-10-11 09:22:31', '2016-10-11 09:22:31'),
(90, '2016-10-29', 'LTL2', 'loan repayment', 'Loans', 15000, '2016-10-11 09:23:38', '2016-10-11 09:23:38'),
(91, '2016-10-20', 'LTL2', 'loan repayment', 'Loans', 15000, '2016-10-11 09:24:34', '2016-10-11 09:24:34'),
(92, '2016-10-28', 'LTL2', 'loan repayment', 'Loans', 21000, '2016-10-11 09:27:35', '2016-10-11 09:27:35'),
(93, '2016-10-20', 'LTL2', 'loan repayment', 'Loans', 21000, '2016-10-11 09:28:58', '2016-10-11 09:28:58'),
(94, '2016-10-25', 'LTL2', 'loan repayment', 'Loans', 15000, '2016-10-11 09:30:03', '2016-10-11 09:30:03'),
(95, '2016-10-12', 'LTL2', 'loan repayment', 'Loans', 15000, '2016-10-11 09:31:09', '2016-10-11 09:31:09'),
(96, '2016-10-27', 'LTL2', 'loan repayment', 'Loans', 15000, '2016-10-11 09:32:23', '2016-10-11 09:32:23'),
(97, '2016-10-19', 'LTL2', 'loan repayment', 'Loans', 15000, '2016-10-11 09:33:08', '2016-10-11 09:33:08'),
(98, '2016-10-28', 'LTL2', 'loan repayment', 'Loans', 12300, '2016-10-11 10:00:29', '2016-10-11 10:00:29'),
(99, '2016-10-28', 'LTL2', 'loan repayment', 'Loans', 30000, '2016-10-11 10:01:21', '2016-10-11 10:01:21'),
(100, '2016-10-21', 'LTL2', 'loan repayment', 'Loans', 6600, '2016-10-11 10:02:02', '2016-10-11 10:02:02'),
(101, '0000-00-00', 'LTL2', 'loan repayment', 'Loans', 0, '2016-10-12 04:35:11', '2016-10-12 04:35:11'),
(102, '2016-10-13', 'LTL2', 'loan application', 'Loans', 125000, '2016-10-13 05:19:55', '2016-10-13 05:19:55'),
(103, '2016-10-13', 'LTL2', 'loan disbursement', 'Loans', 237500, '2016-10-13 05:20:19', '2016-10-13 05:20:19'),
(104, '2016-10-13', 'LTL2', 'loan disbursement', 'Loans', 12400, '2016-10-13 05:53:48', '2016-10-13 05:53:48'),
(105, '2016-10-13', 'LTL2', 'loan application', 'Loans', 30000, '2016-10-13 07:19:40', '2016-10-13 07:19:40'),
(106, '2016-10-13', 'LTL2', 'loan disbursement', 'Loans', 39000, '2016-10-13 07:23:52', '2016-10-13 07:23:52'),
(107, '2016-10-13', 'LTL2', 'loan application', 'Loans', 12000, '2016-10-13 08:51:52', '2016-10-13 08:51:52'),
(108, '2016-10-13', 'LTL2', 'loan disbursement', 'Loans', 14880, '2016-10-13 08:53:04', '2016-10-13 08:53:04'),
(109, '0000-00-00', 'LTL2', 'loan repayment', 'Loans', 0, '2016-10-13 09:46:41', '2016-10-13 09:46:41'),
(110, '0000-00-00', 'LTL2', 'loan repayment', 'Loans', 0, '2016-10-13 10:00:03', '2016-10-13 10:00:03'),
(111, '0000-00-00', 'LTL2', 'loan repayment', 'Loans', 0, '2016-10-13 10:01:56', '2016-10-13 10:01:56'),
(112, '2016-10-14', 'LTL2', 'loan disbursement', 'Loans', 39000, '2016-10-14 05:20:07', '2016-10-14 05:20:07'),
(113, '2016-10-25', 'LTL2', 'loan repayment', 'Loans', 2000, '2016-10-14 05:38:44', '2016-10-14 05:38:44'),
(114, '2016-10-12', 'LTL2', 'loan repayment', 'Loans', 2000, '2016-10-14 10:26:35', '2016-10-14 10:26:35'),
(115, '2016-10-14', 'LTL2', 'loan repayment', 'Loans', 1264, '2016-10-14 10:33:42', '2016-10-14 10:33:42'),
(116, '2016-10-27', 'LTL2', 'loan repayment', 'Loans', 40, '2016-10-14 10:40:10', '2016-10-14 10:40:10'),
(117, '2016-11-01', 'LTL2', 'loan repayment', 'Loans', 40, '2016-10-14 10:46:51', '2016-10-14 10:46:51'),
(118, '0000-00-00', 'LTL2', 'loan repayment', 'Loans', 0, '2016-10-14 10:47:03', '2016-10-14 10:47:03'),
(119, '2016-10-18', 'LTL2', 'loan repayment', 'Loans', 12000, '2016-10-14 10:50:06', '2016-10-14 10:50:06'),
(120, '0000-00-00', 'LTL2', 'loan repayment', 'Loans', 0, '2016-10-14 10:57:32', '2016-10-14 10:57:32'),
(121, '2016-10-19', 'LTL1', 'loan repayment', 'Loans', 5000, '2016-10-14 11:07:38', '2016-10-14 11:07:38'),
(122, '2016-10-25', 'LTL1', 'loan repayment', 'Loans', 1967, '2016-10-17 04:58:59', '2016-10-17 04:58:59'),
(123, '2016-10-17', 'LTL1', 'Banks', 'view', 0, '2016-10-17 08:51:27', '2016-10-17 08:51:27'),
(124, '2016-10-17', 'LTL1', 'Banks', 'view', 0, '2016-10-17 08:51:54', '2016-10-17 08:51:54'),
(125, '2016-10-17', 'LTL1', 'Bank', 'create', 0, '2016-10-17 08:52:20', '2016-10-17 08:52:20'),
(126, '2016-10-17', 'LTL1', 'Banks', 'view', 0, '2016-10-17 08:52:21', '2016-10-17 08:52:21'),
(127, '2016-10-17', 'LTL1', 'Bank', 'update', 0, '2016-10-17 08:52:44', '2016-10-17 08:52:44'),
(128, '2016-10-17', 'LTL1', 'Banks', 'view', 0, '2016-10-17 08:52:45', '2016-10-17 08:52:45'),
(129, '2016-10-17', 'LTL1', 'Bank branches', 'view', 0, '2016-10-17 08:53:05', '2016-10-17 08:53:05'),
(130, '2016-10-17', 'LTL1', 'Bank Branch', 'create', 0, '2016-10-17 08:53:30', '2016-10-17 08:53:30'),
(131, '2016-10-17', 'LTL1', 'Bank branches', 'view', 0, '2016-10-17 08:53:31', '2016-10-17 08:53:31'),
(132, '2016-10-17', 'LTL1', 'Bank branches', 'view', 0, '2016-10-17 08:53:54', '2016-10-17 08:53:54'),
(133, '2016-10-17', 'LTL1', 'loan product creation', 'Loans', 0, '2016-10-17 09:08:36', '2016-10-17 09:08:36'),
(134, '2016-10-17', 'LTL1', 'loan application', 'Loans', 55000, '2016-10-17 09:45:36', '2016-10-17 09:45:36'),
(135, '2016-10-17', 'LTL1', 'loan application', 'Loans', 75000, '2016-10-17 10:02:46', '2016-10-17 10:02:46'),
(136, '2016-10-17', 'LTL1', 'loan disbursement', 'Loans', 104500, '2016-10-17 10:53:15', '2016-10-17 10:53:15'),
(137, '2016-10-20', 'LTL1', 'loan repayment', 'Loans', 6967, '2016-10-17 10:53:47', '2016-10-17 10:53:47'),
(138, '2016-10-24', 'LTL1', 'loan repayment', 'Loans', 101200, '2016-10-24 05:34:40', '2016-10-24 05:34:40'),
(139, '2016-10-24', 'LTL1', 'loan repayment', 'Loans', 101200, '2016-10-24 05:34:41', '2016-10-24 05:34:41'),
(140, '2016-10-24', 'LTL1', 'loan repayment', 'Loans', 101200, '2016-10-24 05:34:41', '2016-10-24 05:34:41'),
(141, '0000-00-00', 'LTL1', 'loan repayment', 'Loans', 0, '2016-10-24 05:43:25', '2016-10-24 05:43:25'),
(142, '0000-00-00', 'LTL1', 'loan repayment', 'Loans', 0, '2016-10-26 03:47:07', '2016-10-26 03:47:07'),
(143, '2016-11-02', 'LTL1', 'loan application', 'Loans', 50000, '2016-11-02 07:10:32', '2016-11-02 07:10:32'),
(144, '2016-11-02', 'LTL1', 'loan disbursement', 'Loans', 68000, '2016-11-02 07:13:04', '2016-11-02 07:13:04'),
(145, '2016-11-16', 'LTL1', 'loan repayment', 'Loans', 11333, '2016-11-02 07:24:11', '2016-11-02 07:24:11'),
(146, '2016-11-29', 'LTL1', 'loan repayment', 'Loans', 10833, '2016-11-02 07:24:31', '2016-11-02 07:24:31'),
(147, '2016-11-02', 'LTL1', 'loan application', 'Loans', 50000, '2016-11-02 07:58:49', '2016-11-02 07:58:49'),
(148, '2016-11-02', 'LTL1', 'loan disbursement', 'Loans', 51765, '2016-11-02 08:00:42', '2016-11-02 08:00:42'),
(149, '2016-11-02', 'LTL1', 'loan repayment', 'Loans', 10392, '2016-11-02 08:41:49', '2016-11-02 08:41:49'),
(150, '2016-11-02', 'LTL1', 'loan repayment', 'Loans', 8, '2016-11-02 10:51:52', '2016-11-02 10:51:52'),
(151, '2016-11-02', 'LTL1', 'loan repayment', 'Loans', 8, '2016-11-02 11:25:23', '2016-11-02 11:25:23'),
(152, '2016-11-02', 'LTL1', 'loan repayment', 'Loans', 8, '2016-11-02 11:33:59', '2016-11-02 11:33:59'),
(153, '2016-11-02', 'LTL1', 'loan repayment', 'Loans', 8, '2016-11-02 11:35:12', '2016-11-02 11:35:12'),
(154, '2016-11-24', 'LTL1', 'loan repayment', 'Loans', 8, '2016-11-02 11:36:43', '2016-11-02 11:36:43'),
(155, '2016-11-03', 'LTL1', 'loan repayment', 'Loans', 8, '2016-11-02 11:39:04', '2016-11-02 11:39:04'),
(156, '2016-11-08', 'LTL1', 'loan repayment', 'Loans', 8, '2016-11-02 14:41:22', '2016-11-02 14:41:22'),
(157, '2016-11-02', 'LTL1', 'loan repayment', 'Loans', 8, '2016-11-02 14:54:52', '2016-11-02 14:54:52'),
(158, '2016-11-02', 'LTL1', 'loan repayment', 'Loans', 8, '2016-11-02 15:01:27', '2016-11-02 15:01:27'),
(159, '2016-11-02', 'LTL1', 'loan repayment', 'Loans', 8, '2016-11-02 15:04:26', '2016-11-02 15:04:26'),
(160, '2016-11-02', 'LTL1', 'loan repayment', 'Loans', 7, '2016-11-02 15:05:41', '2016-11-02 15:05:41'),
(161, '2016-11-05', 'LTL1', 'loan repayment', 'Loans', 7, '2016-11-02 15:06:09', '2016-11-02 15:06:09'),
(162, '2016-11-24', 'LTL1', 'loan repayment', 'Loans', 7, '2016-11-02 15:08:11', '2016-11-02 15:08:11'),
(163, '2016-11-24', 'LTL1', 'loan repayment', 'Loans', 8, '2016-11-02 15:18:59', '2016-11-02 15:18:59'),
(164, '2016-11-16', 'LTL1', 'loan repayment', 'Loans', 8, '2016-11-02 15:22:09', '2016-11-02 15:22:09'),
(165, '2016-11-30', 'LTL1', 'loan repayment', 'Loans', 8, '2016-11-02 15:23:32', '2016-11-02 15:23:32'),
(166, '2016-11-10', 'LTL1', 'loan repayment', 'Loans', 8, '2016-11-02 15:26:43', '2016-11-02 15:26:43'),
(167, '2016-11-05', 'LTL1', 'loan repayment', 'Loans', 8, '2016-11-02 15:29:47', '2016-11-02 15:29:47'),
(168, '2016-11-02', 'LTL1', 'loan repayment', 'Loans', 15, '2016-11-02 15:36:40', '2016-11-02 15:36:40'),
(169, '2016-11-04', 'LTL1', 'loan repayment', 'Loans', 15, '2016-11-02 15:38:16', '2016-11-02 15:38:16'),
(170, '2016-11-24', 'LTL1', 'loan repayment', 'Loans', 15, '2016-11-02 15:39:57', '2016-11-02 15:39:57'),
(171, '2016-11-02', 'LTL1', 'loan disbursement', 'Loans', 100389, '2016-11-02 15:50:17', '2016-11-02 15:50:17'),
(172, '2016-11-03', 'LTL1', 'loan repayment', 'Loans', 7, '2016-11-02 15:50:43', '2016-11-02 15:50:43'),
(173, '2016-11-09', 'LTL1', 'loan repayment', 'Loans', 4, '2016-11-02 16:08:53', '2016-11-02 16:08:53'),
(174, '2016-11-23', 'LTL1', 'loan repayment', 'Loans', 4, '2016-11-02 16:09:05', '2016-11-02 16:09:05'),
(175, '2016-11-01', 'LTL1', 'loan repayment', 'Loans', 4, '2016-11-02 16:11:50', '2016-11-02 16:11:50'),
(176, '2016-11-09', 'LTL1', 'loan repayment', 'Loans', 4, '2016-11-02 16:12:39', '2016-11-02 16:12:39'),
(177, '2016-11-08', 'LTL1', 'loan repayment', 'Loans', 7, '2016-11-02 16:19:53', '2016-11-02 16:19:53'),
(178, '2016-11-16', 'LTL1', 'loan repayment', 'Loans', 9, '2016-11-02 16:29:49', '2016-11-02 16:29:49'),
(179, '2016-11-22', 'LTL1', 'loan repayment', 'Loans', 4500, '2016-11-02 16:32:23', '2016-11-02 16:32:23'),
(180, '2016-11-16', 'LTL1', 'loan repayment', 'Loans', 4500, '2016-11-02 16:33:00', '2016-11-02 16:33:00'),
(181, '2016-11-16', 'LTL1', 'loan repayment', 'Loans', 4500, '2016-11-02 16:33:56', '2016-11-02 16:33:56'),
(182, '2016-11-23', 'LTL1', 'loan repayment', 'Loans', 1259, '2016-11-02 16:37:37', '2016-11-02 16:37:37'),
(183, '2016-11-15', 'LTL1', 'loan repayment', 'Loans', 7800, '2016-11-03 04:47:01', '2016-11-03 04:47:01'),
(184, '2016-11-23', 'LTL1', 'loan repayment', 'Loans', 7800, '2016-11-03 04:47:27', '2016-11-03 04:47:27'),
(185, '2016-11-28', 'LTL1', 'loan repayment', 'Loans', 7000, '2016-11-03 04:48:41', '2016-11-03 04:48:41'),
(186, '2016-11-11', 'LTL1', 'loan application', 'Loans', 45000, '2016-11-11 04:09:53', '2016-11-11 04:09:53'),
(187, '2016-11-11', 'LTL1', 'loan disbursement', 'Loans', 54908, '2016-11-11 04:10:34', '2016-11-11 04:10:34'),
(188, '2016-11-11', 'LTL1', 'loan repayment', 'Loans', 68000, '2016-11-11 04:11:17', '2016-11-11 04:11:17'),
(189, '2016-11-11', 'LTL1', 'loan repayment', 'Loans', 3500, '2016-11-11 04:16:07', '2016-11-11 04:16:07'),
(190, '2016-11-12', 'LTL1', 'Banks', 'view', 0, '2016-11-12 05:50:59', '2016-11-12 05:50:59'),
(191, '2016-11-12', 'LTL1', 'Bank', 'create', 0, '2016-11-12 05:51:23', '2016-11-12 05:51:23'),
(192, '2016-11-12', 'LTL1', 'Banks', 'view', 0, '2016-11-12 05:51:24', '2016-11-12 05:51:24'),
(193, '2016-11-12', 'LTL1', 'Bank', 'update', 0, '2016-11-12 05:51:42', '2016-11-12 05:51:42'),
(194, '2016-11-12', 'LTL1', 'Banks', 'view', 0, '2016-11-12 05:51:42', '2016-11-12 05:51:42'),
(195, '2016-11-12', 'LTL1', 'Bank branches', 'view', 0, '2016-11-12 05:51:50', '2016-11-12 05:51:50'),
(196, '2016-11-12', 'LTL1', 'Bank Branch', 'create', 0, '2016-11-12 05:52:20', '2016-11-12 05:52:20'),
(197, '2016-11-12', 'LTL1', 'Bank branches', 'view', 0, '2016-11-12 05:52:20', '2016-11-12 05:52:20'),
(198, '2016-11-12', 'LTL1', 'Bank Branch', 'create', 0, '2016-11-12 05:53:06', '2016-11-12 05:53:06'),
(199, '2016-11-12', 'LTL1', 'Bank branches', 'view', 0, '2016-11-12 05:53:06', '2016-11-12 05:53:06'),
(200, '2016-11-12', 'LTL1', 'Banks', 'view', 0, '2016-11-12 05:53:22', '2016-11-12 05:53:22'),
(201, '2016-11-12', 'LTL1', 'Banks', 'view', 0, '2016-11-12 05:53:47', '2016-11-12 05:53:47'),
(202, '2016-11-12', 'LTL1', 'Banks', 'view', 0, '2016-11-12 05:55:17', '2016-11-12 05:55:17'),
(203, '2016-11-12', 'LTL1', 'Bank branches', 'view', 0, '2016-11-12 05:56:12', '2016-11-12 05:56:12'),
(204, '2016-11-11', 'LTL1', 'loan repayment', 'Loans', 15000, '2016-11-12 06:43:12', '2016-11-12 06:43:12'),
(205, '2016-11-12', 'LTL1', 'loan repayment', 'Loans', 35000, '2016-11-12 10:03:13', '2016-11-12 10:03:13'),
(206, '2016-11-12', 'LTL1', 'loan product creation', 'Loans', 0, '2016-11-12 12:31:07', '2016-11-12 12:31:07'),
(207, '2016-11-12', 'LTL1', 'loan disbursement', 'Loans', 51765, '2016-11-12 12:32:25', '2016-11-12 12:32:25'),
(208, '2016-11-12', 'LTL1', 'loan application', 'Loans', 50000, '2016-11-12 12:32:25', '2016-11-12 12:32:25'),
(209, '2016-11-11', 'LTL1', 'loan repayment', 'Loans', 8750, '2016-11-12 12:33:55', '2016-11-12 12:33:55'),
(210, '2016-11-12', 'LTL1', 'loan repayment', 'Loans', 8667, '2016-11-12 12:34:23', '2016-11-12 12:34:23'),
(211, '2016-11-12', 'LTL1', 'loan repayment', 'Loans', 8585, '2016-11-12 12:34:47', '2016-11-12 12:34:47'),
(212, '2016-11-13', 'LTL1', 'loan repayment', 'Loans', 8500, '2016-11-12 12:36:57', '2016-11-12 12:36:57'),
(213, '2016-11-13', 'LTL1', 'loan repayment', 'Loans', 8420, '2016-11-13 06:41:19', '2016-11-13 06:41:19'),
(214, '2016-11-13', 'LTL1', 'loan repayment', 'Loans', 8440, '2016-11-13 06:41:50', '2016-11-13 06:41:50'),
(215, '2016-11-13', 'LTL1', 'loan repayment', 'Loans', 35000, '2016-11-13 07:41:02', '2016-11-13 07:41:02'),
(216, '2016-11-13', 'LTL1', 'loan repayment', 'Loans', 10776, '2016-11-13 07:46:09', '2016-11-13 07:46:09'),
(217, '2016-11-13', 'LTL1', 'loan repayment', 'Loans', 480, '2016-11-13 08:06:08', '2016-11-13 08:06:08'),
(218, '2016-11-25', 'LTL1', 'loan repayment', 'Loans', 40000, '2016-11-13 09:47:59', '2016-11-13 09:47:59'),
(219, '2016-11-14', 'LTL1', 'loan repayment', 'Loans', 197500, '2016-11-14 08:28:54', '2016-11-14 08:28:54'),
(220, '0000-00-00', 'LTL1', 'loan repayment', 'Loans', 0, '2016-11-14 08:47:45', '2016-11-14 08:47:45'),
(221, '2016-11-14', 'LTL1', 'loan repayment', 'Loans', 542, '2016-11-14 08:49:24', '2016-11-14 08:49:24'),
(222, '2016-11-25', 'LTL1', 'loan repayment', 'Loans', 3280, '2016-11-14 08:50:07', '2016-11-14 08:50:07'),
(223, '2016-11-15', 'LTL1', 'loan repayment', 'Loans', 100422, '2016-11-14 08:54:39', '2016-11-14 08:54:39'),
(224, '2016-11-14', 'LTL1', 'loan disbursement', 'Loans', 50500, '2016-11-14 11:17:11', '2016-11-14 11:17:11'),
(225, '2016-11-14', 'LTL1', 'loan application', 'Loans', 50000, '2016-11-14 11:17:11', '2016-11-14 11:17:11'),
(226, '2016-11-13', 'LTL1', 'loan repayment', 'Loans', 8403, '2016-11-14 15:43:20', '2016-11-14 15:43:20'),
(227, '2016-11-14', 'LTL1', 'loan repayment', 'Loans', 8400, '2016-11-14 15:43:35', '2016-11-14 15:43:35'),
(228, '2016-11-15', 'LTL1', 'loan repayment', 'Loans', 8400, '2016-11-14 15:43:57', '2016-11-14 15:43:57'),
(229, '2016-11-16', 'LTL1', 'loan repayment', 'Loans', 8390, '2016-11-14 15:44:11', '2016-11-14 15:44:11'),
(230, '2016-11-17', 'LTL1', 'loan repayment', 'Loans', 8380, '2016-11-14 15:44:27', '2016-11-14 15:44:27'),
(231, '2016-11-18', 'LTL1', 'loan repayment', 'Loans', 8330, '2016-11-14 15:44:45', '2016-11-14 15:44:45'),
(232, '2016-11-14', 'LTL1', 'loan disbursement', 'Loans', 26500, '2016-11-14 15:54:36', '2016-11-14 15:54:36'),
(233, '2016-11-11', 'LTL1', 'loan repayment', 'Loans', 5144, '2016-11-14 16:11:29', '2016-11-14 16:11:29'),
(234, '2016-11-15', 'LTL1', 'loan disbursement', 'Loans', 56560, '2016-11-15 07:32:16', '2016-11-15 07:32:16'),
(235, '2016-11-15', 'LTL1', 'loan application', 'Loans', 56000, '2016-11-15 07:32:16', '2016-11-15 07:32:16'),
(236, '2016-11-15', 'LTL1', 'loan repayment', 'Loans', 57976, '2016-11-15 08:56:08', '2016-11-15 08:56:08'),
(237, '2016-11-15', 'LTL1', 'loan disbursement', 'Loans', 20200, '2016-11-15 10:17:29', '2016-11-15 10:17:29'),
(238, '2016-11-15', 'LTL1', 'loan application', 'Loans', 20000, '2016-11-15 10:17:29', '2016-11-15 10:17:29'),
(239, '2016-11-15', 'LTL1', 'loan application', 'Loans', 65000, '2016-11-15 18:04:03', '2016-11-15 18:04:03'),
(240, '2016-11-15', 'LTL1', 'loan disbursement', 'Loans', 79311, '2016-11-15 18:07:08', '2016-11-15 18:07:08'),
(241, '2016-11-17', 'LTL1', 'loan repayment', 'Loans', 80312, '2016-11-15 18:10:01', '2016-11-15 18:10:01'),
(242, '2016-11-11', 'LTL1', 'loan repayment', 'Loans', 405, '2016-11-15 18:31:48', '2016-11-15 18:31:48'),
(243, '2016-11-18', 'LTL1', 'loan disbursement', 'Loans', 34165, '2016-11-15 18:39:45', '2016-11-15 18:39:45'),
(244, '2016-11-15', 'LTL1', 'loan application', 'Loans', 33000, '2016-11-15 18:39:45', '2016-11-15 18:39:45'),
(245, '2016-11-19', 'LTL1', 'loan repayment', 'Loans', 35000, '2016-11-15 18:40:24', '2016-11-15 18:40:24'),
(246, '2016-11-16', 'LTL1', 'loan disbursement', 'Loans', 51765, '2016-11-15 18:59:46', '2016-11-15 18:59:46'),
(247, '2016-11-15', 'LTL1', 'loan application', 'Loans', 50000, '2016-11-15 18:59:46', '2016-11-15 18:59:46'),
(248, '2016-11-18', 'LTL1', 'loan repayment', 'Loans', 52766, '2016-11-15 19:01:03', '2016-11-15 19:01:03'),
(249, '2016-11-16', 'LTL1', 'loan disbursement', 'Loans', 51765, '2016-11-16 15:10:21', '2016-11-16 15:10:21'),
(250, '2016-11-16', 'LTL1', 'loan application', 'Loans', 50000, '2016-11-16 15:10:21', '2016-11-16 15:10:21'),
(251, '2016-11-16', 'LTL1', 'loan repayment', 'Loans', 51765, '2016-11-16 16:34:22', '2016-11-16 16:34:22'),
(252, '2016-11-18', 'LTL1', 'loan disbursement', 'Loans', 51765, '2016-11-17 04:33:48', '2016-11-17 04:33:48'),
(253, '2016-11-17', 'LTL1', 'loan application', 'Loans', 50000, '2016-11-17 04:33:48', '2016-11-17 04:33:48'),
(254, '2016-11-19', 'LTL1', 'loan repayment', 'Loans', 8851, '2016-11-17 04:39:37', '2016-11-17 04:39:37'),
(255, '2016-11-19', 'LTL1', 'loan repayment', 'Loans', 8848, '2016-11-17 04:40:03', '2016-11-17 04:40:03'),
(256, '2016-11-18', 'LTL1', 'loan repayment', 'Loans', 8845, '2016-11-17 04:40:27', '2016-11-17 04:40:27'),
(257, '2016-11-19', 'LTL1', 'loan repayment', 'Loans', 8842, '2016-11-17 04:40:52', '2016-11-17 04:40:52'),
(258, '2016-11-19', 'LTL1', 'loan repayment', 'Loans', 8839, '2016-11-17 04:41:14', '2016-11-17 04:41:14'),
(259, '2016-11-19', 'LTL1', 'loan repayment', 'Loans', 8836, '2016-11-17 04:41:34', '2016-11-17 04:41:34'),
(260, '2016-11-19', 'LTL1', 'loan disbursement', 'Loans', 51765, '2016-11-19 06:17:11', '2016-11-19 06:17:11'),
(261, '2016-11-19', 'LTL1', 'loan application', 'Loans', 50000, '2016-11-19 06:17:11', '2016-11-19 06:17:11'),
(262, '2016-11-19', 'LTL1', 'loan repayment', 'Loans', 8750, '2016-11-19 06:17:50', '2016-11-19 06:17:50'),
(263, '2016-11-20', 'LTL1', 'loan repayment', 'Loans', 8665, '2016-11-19 06:18:06', '2016-11-19 06:18:06'),
(264, '2016-11-21', 'LTL1', 'loan repayment', 'Loans', 8585, '2016-11-19 06:18:22', '2016-11-19 06:18:22'),
(265, '2016-11-22', 'LTL1', 'loan repayment', 'Loans', 8500, '2016-11-19 06:18:37', '2016-11-19 06:18:37'),
(266, '2016-11-24', 'LTL1', 'loan repayment', 'Loans', 8415, '2016-11-19 06:18:53', '2016-11-19 06:18:53'),
(267, '2016-11-25', 'LTL1', 'loan repayment', 'Loans', 8330, '2016-11-19 06:19:07', '2016-11-19 06:19:07'),
(268, '2016-11-27', 'LTL1', 'loan repayment', 'Loans', 525, '2016-11-19 06:19:31', '2016-11-19 06:19:31'),
(269, '2016-11-19', 'LTL1', 'loan application', 'Loans', 60000, '2016-11-19 06:30:36', '2016-11-19 06:30:36'),
(270, '2016-11-19', 'LTL1', 'loan disbursement', 'Loans', 81600, '2016-11-19 06:31:33', '2016-11-19 06:31:33'),
(271, '2016-11-21', 'LTL1', 'loan repayment', 'Loans', 13600, '2016-11-19 06:32:11', '2016-11-19 06:32:11'),
(272, '2016-11-22', 'LTL1', 'loan repayment', 'Loans', 12880, '2016-11-19 06:32:35', '2016-11-19 06:32:35'),
(273, '2016-11-23', 'LTL1', 'loan repayment', 'Loans', 11980, '2016-11-19 06:32:48', '2016-11-19 06:32:48'),
(274, '2016-11-26', 'LTL1', 'loan repayment', 'Loans', 10780, '2016-11-19 06:33:04', '2016-11-19 06:33:04'),
(275, '2016-11-27', 'LTL1', 'loan repayment', 'Loans', 10000, '2016-11-19 06:33:22', '2016-11-19 06:33:22'),
(276, '2016-11-28', 'LTL1', 'loan repayment', 'Loans', 10000, '2016-11-19 06:33:39', '2016-11-19 06:33:39'),
(277, '2016-11-29', 'LTL1', 'loan repayment', 'Loans', 12360, '2016-11-19 06:34:06', '2016-11-19 06:34:06'),
(278, '2016-11-23', 'LTL1', 'Save for christmas', 'Savings', 15000, '2016-11-23 09:56:05', '2016-11-23 09:56:05'),
(279, '2016-11-23', 'LTL1', 'loan disbursement', 'Loans', 111811, '2016-11-23 10:39:56', '2016-11-23 10:39:56'),
(280, '2016-11-23', 'LTL1', 'loan repayment', 'Loans', 18895, '2016-11-23 10:47:05', '2016-11-23 10:47:05'),
(281, '2016-11-24', 'LTL1', 'loan repayment', 'Loans', 18720, '2016-11-23 11:15:13', '2016-11-23 11:15:13'),
(282, '2016-11-25', 'LTL1', 'loan repayment', 'Loans', 18600, '2016-11-23 11:15:35', '2016-11-23 11:15:35'),
(283, '2016-11-26', 'LTL1', 'loan repayment', 'Loans', 18500, '2016-11-23 11:15:50', '2016-11-23 11:15:50'),
(284, '2016-11-27', 'LTL1', 'loan repayment', 'Loans', 18100, '2016-11-23 11:16:06', '2016-11-23 11:16:06'),
(285, '2016-11-28', 'LTL1', 'loan repayment', 'Loans', 17900, '2016-11-23 11:16:25', '2016-11-23 11:16:25'),
(286, '2016-11-30', 'LTL1', 'loan repayment', 'Loans', 1200, '2016-11-23 11:17:03', '2016-11-23 11:17:03'),
(287, '2016-11-24', 'LTL1', 'loan disbursement', 'Loans', 111811, '2016-11-24 05:21:16', '2016-11-24 05:21:16'),
(288, '2016-11-26', 'LTL1', 'loan application', 'Loans', 75000, '2016-11-26 02:21:36', '2016-11-26 02:21:36'),
(289, '2016-11-26', 'LTL1', 'loan disbursement', 'Loans', 107349, '2016-11-26 02:22:31', '2016-11-26 02:22:31'),
(290, '2016-11-26', 'LTL1', 'loan repayment', 'Loans', 10215, '2016-11-26 02:24:41', '2016-11-26 02:24:41'),
(291, '2016-11-27', 'LTL1', 'loan repayment', 'Loans', 9860, '2016-11-26 02:25:04', '2016-11-26 02:25:04'),
(292, '2016-11-28', 'LTL1', 'loan repayment', 'Loans', 9500, '2016-11-26 08:56:43', '2016-11-26 08:56:43'),
(293, '2016-11-29', 'LTL1', 'loan repayment', 'Loans', 9200, '2016-11-26 08:57:06', '2016-11-26 08:57:06'),
(294, '2016-11-29', 'LTL1', 'loan repayment', 'Loans', 8800, '2016-11-26 08:57:38', '2016-11-26 08:57:38'),
(295, '2016-11-30', 'LTL1', 'loan repayment', 'Loans', 8500, '2016-11-26 08:58:06', '2016-11-26 08:58:06'),
(296, '2016-11-30', 'LTL1', 'loan repayment', 'Loans', 8000, '2016-11-26 08:58:22', '2016-11-26 08:58:22'),
(297, '2016-11-30', 'LTL1', 'loan repayment', 'Loans', 7700, '2016-11-26 08:58:40', '2016-11-26 08:58:40'),
(298, '2016-12-01', 'LTL1', 'loan repayment', 'Loans', 7500, '2016-11-26 08:59:00', '2016-11-26 08:59:00'),
(299, '2016-12-02', 'LTL1', 'loan repayment', 'Loans', 6800, '2016-11-26 08:59:17', '2016-11-26 08:59:17'),
(300, '2016-12-03', 'LTL1', 'loan repayment', 'Loans', 6500, '2016-11-26 08:59:40', '2016-11-26 08:59:40'),
(301, '2016-12-03', 'LTL1', 'loan repayment', 'Loans', 6020, '2016-11-26 09:00:13', '2016-11-26 09:00:13'),
(302, '2016-12-05', 'LTL1', 'loan repayment', 'Loans', 8800, '2016-11-26 09:01:34', '2016-11-26 09:01:34'),
(303, '2016-11-26', 'LTL1', 'member creation', 'Member', 0, '2016-11-26 10:27:59', '2016-11-26 10:27:59'),
(304, '2016-11-27', 'LTL1', 'loan application', 'Loans', 50000, '2016-11-27 05:46:45', '2016-11-27 05:46:45'),
(305, '2016-11-27', 'LTL1', 'loan disbursement', 'Loans', 61009, '2016-11-27 05:48:08', '2016-11-27 05:48:08'),
(306, '2016-12-01', 'LTL1', 'loan repayment', 'Loans', 10800, '2016-11-27 05:48:47', '2016-11-27 05:48:47'),
(307, '2016-12-02', 'LTL1', 'loan repayment', 'Loans', 10300, '2016-11-27 05:49:10', '2016-11-27 05:49:10'),
(308, '2016-12-03', 'LTL1', 'loan repayment', 'Loans', 9200, '2016-11-27 05:49:35', '2016-11-27 05:49:35'),
(309, '2016-12-04', 'LTL1', 'loan repayment', 'Loans', 9500, '2016-11-27 05:50:01', '2016-11-27 05:50:01'),
(310, '2016-12-05', 'LTL1', 'loan repayment', 'Loans', 9000, '2016-11-27 05:50:29', '2016-11-27 05:50:29'),
(311, '2016-12-06', 'LTL1', 'loan repayment', 'Loans', 8500, '2016-11-27 05:50:49', '2016-11-27 05:50:49'),
(312, '2016-12-08', 'LTL1', 'loan repayment', 'Loans', 3800, '2016-11-27 05:51:20', '2016-11-27 05:51:20'),
(313, '2016-11-27', 'LTL1', 'loan disbursement', 'Loans', 155294, '2016-11-27 10:41:01', '2016-11-27 10:41:01'),
(314, '2016-11-27', 'LTL1', 'loan repayment', 'Loans', 30000, '2016-11-27 10:43:47', '2016-11-27 10:43:47'),
(315, '2016-11-28', 'LTL1', 'loan repayment', 'Loans', 30000, '2016-11-27 10:43:58', '2016-11-27 10:43:58'),
(316, '2016-11-29', 'LTL1', 'loan repayment', 'Loans', 30000, '2016-11-27 10:44:09', '2016-11-27 10:44:09'),
(317, '2016-11-30', 'LTL1', 'loan repayment', 'Loans', 30000, '2016-11-27 10:44:20', '2016-11-27 10:44:20'),
(318, '2016-12-01', 'LTL1', 'loan repayment', 'Loans', 30000, '2016-11-27 10:44:32', '2016-11-27 10:44:32'),
(319, '2016-12-02', 'LTL1', 'loan repayment', 'Loans', 30000, '2016-11-27 10:44:44', '2016-11-27 10:44:44');

-- --------------------------------------------------------

--
-- Table structure for table `x_autoprocesses`
--

CREATE TABLE IF NOT EXISTS `x_autoprocesses` (
`id` int(10) unsigned NOT NULL,
  `period` varchar(255) COLLATE utf8_unicode_ci NOT NULL,
  `is_completed` tinyint(1) NOT NULL DEFAULT '0',
  `category` varchar(255) COLLATE utf8_unicode_ci NOT NULL,
  `product_id` int(11) NOT NULL,
  `created_at` timestamp NOT NULL DEFAULT '0000-00-00 00:00:00',
  `updated_at` timestamp NOT NULL DEFAULT '0000-00-00 00:00:00'
) ENGINE=InnoDB  DEFAULT CHARSET=utf8 COLLATE=utf8_unicode_ci AUTO_INCREMENT=2 ;

--
-- Dumping data for table `x_autoprocesses`
--

INSERT INTO `x_autoprocesses` (`id`, `period`, `is_completed`, `category`, `product_id`, `created_at`, `updated_at`) VALUES
(1, '10-2016', 1, 'saving', 2, '2016-10-17 09:20:01', '2016-10-17 09:20:01');

-- --------------------------------------------------------

--
-- Table structure for table `x_banks`
--

CREATE TABLE IF NOT EXISTS `x_banks` (
`id` int(10) unsigned NOT NULL,
  `bank_name` varchar(255) COLLATE utf8_unicode_ci NOT NULL,
  `bank_code` int(11) NOT NULL DEFAULT '0',
  `organization_id` int(10) unsigned NOT NULL,
  `created_at` timestamp NOT NULL DEFAULT '0000-00-00 00:00:00',
  `updated_at` timestamp NOT NULL DEFAULT '0000-00-00 00:00:00'
) ENGINE=InnoDB  DEFAULT CHARSET=utf8 COLLATE=utf8_unicode_ci AUTO_INCREMENT=3 ;

--
-- Dumping data for table `x_banks`
--

INSERT INTO `x_banks` (`id`, `bank_name`, `bank_code`, `organization_id`, `created_at`, `updated_at`) VALUES
(1, 'MajiMarefu Bank Limited', 89, 1, '2016-10-17 08:52:20', '2016-10-17 08:52:44'),
(2, 'Stanbic Bank', 125, 1, '2016-11-12 05:51:23', '2016-11-12 05:51:42');

-- --------------------------------------------------------

--
-- Table structure for table `x_bank_branches`
--

CREATE TABLE IF NOT EXISTS `x_bank_branches` (
`id` int(10) unsigned NOT NULL,
  `branch_code` varchar(30) COLLATE utf8_unicode_ci DEFAULT NULL,
  `bank_branch_name` varchar(255) COLLATE utf8_unicode_ci NOT NULL,
  `bank_id` int(10) unsigned NOT NULL,
  `organization_id` int(10) unsigned NOT NULL,
  `created_at` timestamp NOT NULL DEFAULT '0000-00-00 00:00:00',
  `updated_at` timestamp NOT NULL DEFAULT '0000-00-00 00:00:00'
) ENGINE=InnoDB  DEFAULT CHARSET=utf8 COLLATE=utf8_unicode_ci AUTO_INCREMENT=4 ;

--
-- Dumping data for table `x_bank_branches`
--

INSERT INTO `x_bank_branches` (`id`, `branch_code`, `bank_branch_name`, `bank_id`, `organization_id`, `created_at`, `updated_at`) VALUES
(1, '001', 'Jimo Nne', 1, 1, '2016-10-17 08:53:30', '2016-10-17 08:53:30'),
(2, 'STNBK001', 'Stanbic Kayole', 2, 1, '2016-11-12 05:52:19', '2016-11-12 05:52:19'),
(3, 'STBNK002', 'Stanbic Bank Kawangware', 2, 1, '2016-11-12 05:53:05', '2016-11-12 05:53:05');

-- --------------------------------------------------------

--
-- Table structure for table `x_branches`
--

CREATE TABLE IF NOT EXISTS `x_branches` (
`id` int(10) unsigned NOT NULL,
  `name` varchar(255) COLLATE utf8_unicode_ci NOT NULL,
  `created_at` timestamp NOT NULL DEFAULT '0000-00-00 00:00:00',
  `updated_at` timestamp NOT NULL DEFAULT '0000-00-00 00:00:00'
) ENGINE=InnoDB  DEFAULT CHARSET=utf8 COLLATE=utf8_unicode_ci AUTO_INCREMENT=6 ;

--
-- Dumping data for table `x_branches`
--

INSERT INTO `x_branches` (`id`, `name`, `created_at`, `updated_at`) VALUES
(1, 'Head Office', '2016-06-20 06:34:54', '2016-06-20 06:34:54'),
(3, 'Nakuru HeadQuarters', '2016-11-12 05:48:30', '2016-11-12 05:48:30'),
(4, 'Kisumu Office', '2016-11-12 05:48:45', '2016-11-12 05:48:45'),
(5, 'Mombasa Office', '2016-11-12 05:50:31', '2016-11-12 05:50:31');

-- --------------------------------------------------------

--
-- Table structure for table `x_categories`
--

CREATE TABLE IF NOT EXISTS `x_categories` (
`id` int(10) unsigned NOT NULL,
  `name` varchar(255) COLLATE utf8_unicode_ci NOT NULL,
  `description` text COLLATE utf8_unicode_ci,
  `created_at` timestamp NOT NULL DEFAULT '0000-00-00 00:00:00',
  `updated_at` timestamp NOT NULL DEFAULT '0000-00-00 00:00:00'
) ENGINE=InnoDB DEFAULT CHARSET=utf8 COLLATE=utf8_unicode_ci AUTO_INCREMENT=1 ;

-- --------------------------------------------------------

--
-- Table structure for table `x_charges`
--

CREATE TABLE IF NOT EXISTS `x_charges` (
`id` int(10) unsigned NOT NULL,
  `name` varchar(255) COLLATE utf8_unicode_ci NOT NULL,
  `category` varchar(255) COLLATE utf8_unicode_ci NOT NULL,
  `calculation_method` varchar(255) COLLATE utf8_unicode_ci NOT NULL,
  `payment_method` varchar(255) COLLATE utf8_unicode_ci NOT NULL,
  `percentage_of` varchar(255) COLLATE utf8_unicode_ci DEFAULT NULL,
  `amount` float(10,0) NOT NULL,
  `fee` tinyint(1) NOT NULL,
  `created_at` timestamp NOT NULL DEFAULT '0000-00-00 00:00:00',
  `updated_at` timestamp NOT NULL DEFAULT '0000-00-00 00:00:00',
  `disabled` tinyint(1) DEFAULT '0'
) ENGINE=InnoDB  DEFAULT CHARSET=utf8 COLLATE=utf8_unicode_ci AUTO_INCREMENT=4 ;

--
-- Dumping data for table `x_charges`
--

INSERT INTO `x_charges` (`id`, `name`, `category`, `calculation_method`, `payment_method`, `percentage_of`, `amount`, `fee`, `created_at`, `updated_at`, `disabled`) VALUES
(1, 'Loan Penalty', 'loan', 'flat', 'transfer', 'loan', 500, 1, '2016-06-24 03:04:01', '2016-06-24 03:04:01', 0),
(2, 'Defaulting Meetings', 'member', 'percent', 'withdrawal', 'transactionAmount', 2, 1, '2016-10-17 09:15:00', '2016-10-17 09:15:00', 0),
(3, 'Loan Application Fee', 'loan', 'flat', 'transfer', 'loan', 200, 1, '2016-11-26 01:59:53', '2016-11-26 01:59:53', 0);

-- --------------------------------------------------------

--
-- Table structure for table `x_charge_loanproduct`
--

CREATE TABLE IF NOT EXISTS `x_charge_loanproduct` (
`id` int(10) unsigned NOT NULL,
  `charge_id` int(10) unsigned NOT NULL,
  `loanproduct_id` int(10) unsigned NOT NULL,
  `created_at` timestamp NOT NULL DEFAULT '0000-00-00 00:00:00',
  `updated_at` timestamp NOT NULL DEFAULT '0000-00-00 00:00:00'
) ENGINE=InnoDB DEFAULT CHARSET=utf8 COLLATE=utf8_unicode_ci AUTO_INCREMENT=1 ;

-- --------------------------------------------------------

--
-- Table structure for table `x_charge_savingproduct`
--

CREATE TABLE IF NOT EXISTS `x_charge_savingproduct` (
`id` int(10) unsigned NOT NULL,
  `charge_id` int(10) unsigned NOT NULL,
  `savingproduct_id` int(10) unsigned NOT NULL,
  `created_at` timestamp NOT NULL DEFAULT '0000-00-00 00:00:00',
  `updated_at` timestamp NOT NULL DEFAULT '0000-00-00 00:00:00'
) ENGINE=InnoDB DEFAULT CHARSET=utf8 COLLATE=utf8_unicode_ci AUTO_INCREMENT=1 ;

-- --------------------------------------------------------

--
-- Table structure for table `x_currencies`
--

CREATE TABLE IF NOT EXISTS `x_currencies` (
`id` int(10) unsigned NOT NULL,
  `name` varchar(255) COLLATE utf8_unicode_ci NOT NULL,
  `shortname` varchar(255) COLLATE utf8_unicode_ci NOT NULL,
  `created_at` timestamp NOT NULL DEFAULT '0000-00-00 00:00:00',
  `updated_at` timestamp NOT NULL DEFAULT '0000-00-00 00:00:00'
) ENGINE=InnoDB  DEFAULT CHARSET=utf8 COLLATE=utf8_unicode_ci AUTO_INCREMENT=4 ;

--
-- Dumping data for table `x_currencies`
--

INSERT INTO `x_currencies` (`id`, `name`, `shortname`, `created_at`, `updated_at`) VALUES
(1, 'Kenyan Shillings', 'KES', '2016-06-20 06:34:54', '2016-06-20 06:34:54'),
(3, 'US Dollars', 'USD', '2016-10-17 08:51:49', '2016-10-17 08:51:49');

-- --------------------------------------------------------

--
-- Table structure for table `x_disbursementoptions`
--

CREATE TABLE IF NOT EXISTS `x_disbursementoptions` (
`id` int(10) unsigned NOT NULL,
  `name` varchar(255) COLLATE utf8_unicode_ci NOT NULL,
  `min` decimal(15,2) NOT NULL,
  `max` decimal(15,2) NOT NULL,
  `description` varchar(255) COLLATE utf8_unicode_ci NOT NULL,
  `created_at` timestamp NOT NULL DEFAULT '0000-00-00 00:00:00',
  `updated_at` timestamp NOT NULL DEFAULT '0000-00-00 00:00:00'
) ENGINE=InnoDB  DEFAULT CHARSET=utf8 COLLATE=utf8_unicode_ci AUTO_INCREMENT=12 ;

--
-- Dumping data for table `x_disbursementoptions`
--

INSERT INTO `x_disbursementoptions` (`id`, `name`, `min`, `max`, `description`, `created_at`, `updated_at`) VALUES
(10, 'Mpesa', '2000.00', '70000.00', '                                                Emergency and Instant loans                        \r\n                    \r\n                    \r\n                    ', '2016-11-01 17:02:46', '2016-11-27 09:48:51'),
(11, 'Cash', '10000.00', '150000.00', ' Education Loans                       \r\n                    ', '2016-11-16 15:07:32', '2016-11-16 15:07:32');

-- --------------------------------------------------------

--
-- Table structure for table `x_dividends`
--

CREATE TABLE IF NOT EXISTS `x_dividends` (
`id` int(10) unsigned NOT NULL,
  `special` decimal(15,2) NOT NULL,
  `total` decimal(15,2) NOT NULL,
  `outstanding` decimal(15,2) NOT NULL,
  `created_at` timestamp NOT NULL DEFAULT '0000-00-00 00:00:00',
  `updated_at` timestamp NOT NULL DEFAULT '0000-00-00 00:00:00'
) ENGINE=InnoDB  DEFAULT CHARSET=utf8 COLLATE=utf8_unicode_ci AUTO_INCREMENT=4 ;

--
-- Dumping data for table `x_dividends`
--

INSERT INTO `x_dividends` (`id`, `special`, `total`, `outstanding`, `created_at`, `updated_at`) VALUES
(1, '900.00', '15000.00', '60000.00', '2016-11-28 06:19:50', '2016-11-28 06:45:28');

-- --------------------------------------------------------

--
-- Table structure for table `x_documents`
--

CREATE TABLE IF NOT EXISTS `x_documents` (
`id` int(10) unsigned NOT NULL,
  `member_id` int(10) unsigned NOT NULL,
  `name` varchar(255) COLLATE utf8_unicode_ci NOT NULL,
  `path` varchar(255) COLLATE utf8_unicode_ci NOT NULL,
  `created_at` timestamp NOT NULL DEFAULT '0000-00-00 00:00:00',
  `updated_at` timestamp NOT NULL DEFAULT '0000-00-00 00:00:00'
) ENGINE=InnoDB  DEFAULT CHARSET=utf8 COLLATE=utf8_unicode_ci AUTO_INCREMENT=4 ;

--
-- Dumping data for table `x_documents`
--

INSERT INTO `x_documents` (`id`, `member_id`, `name`, `path`, `created_at`, `updated_at`) VALUES
(1, 1, '', 'Book1-Functional Specification Document(1).xlsx', '2016-11-12 10:50:28', '2016-11-12 10:50:28'),
(2, 11, '', '002.jpg', '2016-11-26 10:27:59', '2016-11-26 10:27:59'),
(3, 11, '', '001.jpg', '2016-11-26 10:27:59', '2016-11-26 10:27:59');

-- --------------------------------------------------------

--
-- Table structure for table `x_groups`
--

CREATE TABLE IF NOT EXISTS `x_groups` (
`id` int(10) unsigned NOT NULL,
  `name` varchar(255) COLLATE utf8_unicode_ci NOT NULL,
  `description` text COLLATE utf8_unicode_ci,
  `created_at` timestamp NOT NULL DEFAULT '0000-00-00 00:00:00',
  `updated_at` timestamp NOT NULL DEFAULT '0000-00-00 00:00:00'
) ENGINE=InnoDB  DEFAULT CHARSET=utf8 COLLATE=utf8_unicode_ci AUTO_INCREMENT=4 ;

--
-- Dumping data for table `x_groups`
--

INSERT INTO `x_groups` (`id`, `name`, `description`, `created_at`, `updated_at`) VALUES
(1, 'IT', ' The Information Technology department', '0000-00-00 00:00:00', '2016-10-17 08:51:10'),
(2, 'Admin', 'Sacco administration department. ', '2016-11-12 05:46:26', '2016-11-12 05:46:26'),
(3, 'Management', 'Sacco decision makers. ', '2016-11-12 05:46:47', '2016-11-12 05:46:47');

-- --------------------------------------------------------

--
-- Table structure for table `x_investmentcategories`
--

CREATE TABLE IF NOT EXISTS `x_investmentcategories` (
`id` int(10) unsigned NOT NULL,
  `name` varchar(255) COLLATE utf8_unicode_ci NOT NULL,
  `code` varchar(255) COLLATE utf8_unicode_ci NOT NULL,
  `description` varchar(255) COLLATE utf8_unicode_ci NOT NULL,
  `created_at` timestamp NOT NULL DEFAULT '0000-00-00 00:00:00',
  `updated_at` timestamp NOT NULL DEFAULT '0000-00-00 00:00:00'
) ENGINE=InnoDB  DEFAULT CHARSET=utf8 COLLATE=utf8_unicode_ci AUTO_INCREMENT=2 ;

--
-- Dumping data for table `x_investmentcategories`
--

INSERT INTO `x_investmentcategories` (`id`, `name`, `code`, `description`, `created_at`, `updated_at`) VALUES
(1, 'REAL ESTATE', 'RLST', ' Rentals and other real estate investments.                       \r\n                    ', '2016-11-24 16:27:04', '2016-11-24 16:27:04');

-- --------------------------------------------------------

--
-- Table structure for table `x_investments`
--

CREATE TABLE IF NOT EXISTS `x_investments` (
`id` int(10) unsigned NOT NULL,
  `name` varchar(255) COLLATE utf8_unicode_ci NOT NULL,
  `vendor_id` int(10) unsigned DEFAULT NULL,
  `valuation` decimal(15,2) NOT NULL,
  `growth_type` enum('Appreciation','Depreciation') COLLATE utf8_unicode_ci NOT NULL,
  `growth_rate` decimal(2,1) NOT NULL,
  `date` date NOT NULL,
  `description` text COLLATE utf8_unicode_ci,
  `created_at` timestamp NOT NULL DEFAULT '0000-00-00 00:00:00',
  `updated_at` timestamp NOT NULL DEFAULT '0000-00-00 00:00:00',
  `category_id` int(10) unsigned NOT NULL
) ENGINE=InnoDB  DEFAULT CHARSET=utf8 COLLATE=utf8_unicode_ci AUTO_INCREMENT=6 ;

--
-- Dumping data for table `x_investments`
--

INSERT INTO `x_investments` (`id`, `name`, `vendor_id`, `valuation`, `growth_type`, `growth_rate`, `date`, `description`, `created_at`, `updated_at`, `category_id`) VALUES
(4, 'RUIRU LAND 124', 1, '2500000.00', 'Appreciation', '3.0', '2016-11-16', '                                                                                                    Ruiru plot number 234152                         \r\n                       \r\n                       \r\n                       \r\n                       \r\n                       ', '2016-11-16 06:48:06', '2016-11-23 16:36:01', 5),
(5, 'Ruiru Maridadi Hostel', 1, '3500000.00', 'Depreciation', '0.5', '2016-11-24', 'Students hostels situated at Ruiru.                         \r\n                       ', '2016-11-24 16:28:25', '2016-11-24 16:28:25', 1);

-- --------------------------------------------------------

--
-- Table structure for table `x_journals`
--

CREATE TABLE IF NOT EXISTS `x_journals` (
`id` int(10) unsigned NOT NULL,
  `date` date NOT NULL,
  `trans_no` varchar(255) COLLATE utf8_unicode_ci NOT NULL,
  `account_id` int(10) unsigned NOT NULL,
  `amount` float(10,0) NOT NULL,
  `initiated_by` varchar(255) COLLATE utf8_unicode_ci NOT NULL,
  `type` varchar(255) COLLATE utf8_unicode_ci NOT NULL,
  `description` varchar(255) COLLATE utf8_unicode_ci NOT NULL,
  `created_at` timestamp NOT NULL DEFAULT '0000-00-00 00:00:00',
  `updated_at` timestamp NOT NULL DEFAULT '0000-00-00 00:00:00',
  `void` tinyint(1) DEFAULT '0'
) ENGINE=InnoDB  DEFAULT CHARSET=utf8 COLLATE=utf8_unicode_ci AUTO_INCREMENT=787 ;

--
-- Dumping data for table `x_journals`
--

INSERT INTO `x_journals` (`id`, `date`, `trans_no`, `account_id`, `amount`, `initiated_by`, `type`, `description`, `created_at`, `updated_at`, `void`) VALUES
(1, '0000-00-00', '1466507219', 2, 700000, 'cris', 'credit', ' ', '2016-06-21 08:42:59', '2016-06-21 08:42:59', 0),
(2, '0000-00-00', '1466507219', 1, 700000, 'cris', 'debit', ' ', '2016-06-21 08:42:59', '2016-06-21 08:42:59', 0),
(3, '0000-00-00', '1466507210', 3, 300000, 'cris', 'credit', ' ', '2016-06-21 08:45:50', '2016-06-21 08:51:22', 1),
(4, '0000-00-00', '1466507210', 2, 300000, 'cris', 'debit', ' ', '2016-06-21 08:45:50', '2016-06-21 08:50:27', 1),
(5, '0000-00-00', '1466507164', 3, 300000, 'cris', 'credit', ' ', '2016-06-21 08:52:04', '2016-06-21 08:52:58', 1),
(6, '0000-00-00', '1466507164', 2, 300000, 'cris', 'debit', ' ', '2016-06-21 08:52:04', '2016-06-21 08:53:06', 1),
(7, '0000-00-00', '1466507210', 2, 300000, 'cris', 'credit', ' ', '2016-06-21 08:53:50', '2016-06-21 08:53:50', 0),
(8, '0000-00-00', '1466507210', 3, 300000, 'cris', 'debit', ' ', '2016-06-21 08:53:51', '2016-06-21 08:53:51', 0),
(9, '0000-00-00', '1466507204', 2, 200000, 'cris', 'credit', ' ', '2016-06-21 08:54:44', '2016-06-21 08:54:44', 0),
(10, '0000-00-00', '1466507204', 4, 200000, 'cris', 'debit', ' ', '2016-06-21 08:54:44', '2016-06-21 08:54:44', 0),
(11, '2016-06-21', '1466510772', 1, 15000, 'system', 'credit', 'loan disbursement', '2016-06-21 09:04:12', '2016-06-21 09:04:12', 0),
(12, '2016-06-21', '1466510772', 3, 15000, 'system', 'debit', 'loan disbursement', '2016-06-21 09:04:12', '2016-06-21 09:04:12', 0),
(13, '2016-06-21', '1466510783', 1, 30000, 'system', 'credit', 'loan disbursement', '2016-06-21 09:04:23', '2016-06-21 09:04:23', 0),
(14, '2016-06-21', '1466510783', 4, 30000, 'system', 'debit', 'loan disbursement', '2016-06-21 09:04:23', '2016-06-21 09:04:23', 0),
(15, '2016-06-30', '1466510782', 12, 900, 'system', 'credit', 'interest repayment', '2016-06-21 09:09:22', '2016-06-21 09:09:22', 0),
(16, '2016-06-30', '1466510782', 1, 900, 'system', 'debit', 'interest repayment', '2016-06-21 09:09:22', '2016-06-21 09:09:22', 0),
(17, '2016-06-30', '1466510782', 3, 9100, 'system', 'credit', 'principal repayment', '2016-06-21 09:09:22', '2016-06-21 09:09:22', 0),
(18, '2016-06-30', '1466510782', 1, 9100, 'system', 'debit', 'principal repayment', '2016-06-21 09:09:23', '2016-06-21 09:09:23', 0),
(19, '2016-06-21', '1466510812', 3, 5900, 'system', 'credit', 'principal repayment', '2016-06-21 09:14:52', '2016-06-21 09:14:52', 0),
(20, '2016-06-21', '1466510812', 1, 5900, 'system', 'debit', 'principal repayment', '2016-06-21 09:14:52', '2016-06-21 09:14:52', 0),
(21, '2016-06-21', '1466510812', 12, 516, 'system', 'credit', 'interest repayment', '2016-06-21 09:14:52', '2016-06-21 09:14:52', 0),
(22, '2016-06-21', '1466510812', 1, 516, 'system', 'debit', 'interest repayment', '2016-06-21 09:14:52', '2016-06-21 09:14:52', 0),
(23, '2016-06-15', '1466510792', 11, 10, 'system', 'credit', '', '2016-06-21 09:40:32', '2016-06-21 09:40:32', 0),
(24, '2016-06-15', '1466510792', 1, 10, 'system', 'debit', '', '2016-06-21 09:40:32', '2016-06-21 09:40:32', 0),
(25, '2016-06-15', '1466510771', 11, 20000, 'system', 'credit', '', '2016-06-21 09:41:11', '2016-06-21 09:41:11', 0),
(26, '2016-06-15', '1466510771', 1, 20000, 'system', 'debit', '', '2016-06-21 09:41:11', '2016-06-21 09:41:11', 0),
(27, '2016-06-15', '1466510805', 1, 4000, 'system', 'credit', '', '2016-06-21 09:41:45', '2016-06-21 09:41:45', 0),
(28, '2016-06-15', '1466510805', 11, 4000, 'system', 'debit', '', '2016-06-21 09:41:45', '2016-06-21 09:41:45', 0),
(29, '2016-06-15', '1466510781', 11, 15000, 'system', 'credit', '', '2016-06-21 09:43:21', '2016-06-21 09:43:21', 0),
(30, '2016-06-15', '1466510781', 1, 15000, 'system', 'debit', '', '2016-06-21 09:43:21', '2016-06-21 09:43:21', 0),
(31, '2016-06-15', '1466510769', 11, 30000, 'system', 'credit', '', '2016-06-21 09:44:09', '2016-06-21 09:44:09', 0),
(32, '2016-06-15', '1466510769', 1, 30000, 'system', 'debit', '', '2016-06-21 09:44:09', '2016-06-21 09:44:09', 0),
(33, '2016-06-15', '1466510809', 11, 22000, 'system', 'credit', '', '2016-06-21 09:44:49', '2016-06-21 09:44:49', 0),
(34, '2016-06-15', '1466510809', 1, 22000, 'system', 'debit', '', '2016-06-21 09:44:49', '2016-06-21 09:44:49', 0),
(35, '2016-06-15', '1466510783', 11, 25000, 'system', 'credit', '', '2016-06-21 09:45:23', '2016-06-21 09:45:23', 0),
(36, '2016-06-15', '1466510783', 1, 25000, 'system', 'debit', '', '2016-06-21 09:45:23', '2016-06-21 09:45:23', 0),
(37, '2016-06-15', '1466510818', 11, 18000, 'system', 'credit', '', '2016-06-21 09:45:58', '2016-06-21 09:45:58', 0),
(38, '2016-06-15', '1466510818', 1, 18000, 'system', 'debit', '', '2016-06-21 09:45:58', '2016-06-21 09:45:58', 0),
(39, '2016-06-15', '1466510784', 11, 40000, 'system', 'credit', '', '2016-06-21 09:46:24', '2016-06-21 09:46:24', 0),
(40, '2016-06-15', '1466510784', 1, 40000, 'system', 'debit', '', '2016-06-21 09:46:24', '2016-06-21 09:46:24', 0),
(41, '2016-06-24', '1466766361', 1, 8000, 'system', 'credit', 'loan disbursement', '2016-06-24 08:13:01', '2016-06-24 08:13:01', 0),
(42, '2016-06-24', '1466766361', 3, 8000, 'system', 'debit', 'loan disbursement', '2016-06-24 08:13:01', '2016-06-24 08:13:01', 0),
(43, '2016-06-14', '1466766399', 12, 480, 'system', 'credit', 'interest repayment', '2016-06-24 08:15:39', '2016-06-24 08:15:39', 0),
(44, '2016-06-14', '1466766399', 1, 480, 'system', 'debit', 'interest repayment', '2016-06-24 08:15:39', '2016-06-24 08:15:39', 0),
(45, '2016-06-14', '1466766399', 3, 520, 'system', 'credit', 'principal repayment', '2016-06-24 08:15:39', '2016-06-24 08:15:39', 0),
(46, '2016-06-14', '1466766399', 1, 520, 'system', 'debit', 'principal repayment', '2016-06-24 08:15:39', '2016-06-24 08:15:39', 0),
(47, '2016-06-24', '1466766366', 3, 7480, 'system', 'credit', 'principal repayment', '2016-06-24 08:17:06', '2016-06-24 08:17:06', 0),
(48, '2016-06-24', '1466766366', 1, 7480, 'system', 'debit', 'principal repayment', '2016-06-24 08:17:06', '2016-06-24 08:17:06', 0),
(49, '2016-06-24', '1466766366', 12, 4906, 'system', 'credit', 'interest repayment', '2016-06-24 08:17:06', '2016-06-24 08:17:06', 0),
(50, '2016-06-24', '1466766366', 1, 4906, 'system', 'debit', 'interest repayment', '2016-06-24 08:17:06', '2016-06-24 08:17:06', 0),
(51, '2016-06-24', '1466766401', 3, 0, 'system', 'credit', 'principal repayment', '2016-06-24 08:17:41', '2016-06-24 08:17:41', 0),
(52, '2016-06-24', '1466766401', 1, 0, 'system', 'debit', 'principal repayment', '2016-06-24 08:17:41', '2016-06-24 08:17:41', 0),
(53, '2016-06-24', '1466766401', 12, -5386, 'system', 'credit', 'interest repayment', '2016-06-24 08:17:41', '2016-06-24 08:17:41', 0),
(54, '2016-06-24', '1466766401', 1, -5386, 'system', 'debit', 'interest repayment', '2016-06-24 08:17:41', '2016-06-24 08:17:41', 0),
(55, '2016-06-24', '1466766388', 4, 30000, 'system', 'credit', 'principal repayment', '2016-06-24 08:18:28', '2016-06-24 08:18:28', 0),
(56, '2016-06-24', '1466766388', 1, 30000, 'system', 'debit', 'principal repayment', '2016-06-24 08:18:28', '2016-06-24 08:18:28', 0),
(57, '2016-06-24', '1466766389', 15, 10800, 'system', 'credit', 'interest repayment', '2016-06-24 08:18:29', '2016-06-24 08:18:29', 0),
(58, '2016-06-24', '1466766389', 1, 10800, 'system', 'debit', 'interest repayment', '2016-06-24 08:18:29', '2016-06-24 08:18:29', 0),
(59, '2016-07-06', '1467806855', 1, 25000, 'system', 'credit', 'loan disbursement', '2016-07-06 09:42:35', '2016-07-06 09:42:35', 0),
(60, '2016-07-06', '1467806855', 3, 25000, 'system', 'debit', 'loan disbursement', '2016-07-06 09:42:35', '2016-07-06 09:42:35', 0),
(61, '2016-07-28', '1467806845', 12, 1500, 'system', 'credit', 'interest repayment', '2016-07-06 09:45:25', '2016-07-06 09:45:25', 0),
(62, '2016-07-28', '1467806845', 1, 1500, 'system', 'debit', 'interest repayment', '2016-07-06 09:45:25', '2016-07-06 09:45:25', 0),
(63, '2016-07-28', '1467806845', 3, 2500, 'system', 'credit', 'principal repayment', '2016-07-06 09:45:25', '2016-07-06 09:45:25', 0),
(64, '2016-07-28', '1467806845', 1, 2500, 'system', 'debit', 'principal repayment', '2016-07-06 09:45:25', '2016-07-06 09:45:25', 0),
(65, '2016-07-06', '1467806823', 3, 22500, 'system', 'credit', 'principal repayment', '2016-07-06 09:46:03', '2016-07-06 09:46:03', 0),
(66, '2016-07-06', '1467806823', 1, 22500, 'system', 'debit', 'principal repayment', '2016-07-06 09:46:04', '2016-07-06 09:46:04', 0),
(67, '2016-07-06', '1467806824', 12, 6600, 'system', 'credit', 'interest repayment', '2016-07-06 09:46:04', '2016-07-06 09:46:04', 0),
(68, '2016-07-06', '1467806824', 1, 6600, 'system', 'debit', 'interest repayment', '2016-07-06 09:46:04', '2016-07-06 09:46:04', 0),
(69, '2016-07-20', '1467806852', 11, 20000, 'system', 'credit', '', '2016-07-06 09:57:32', '2016-07-06 09:57:32', 0),
(70, '2016-07-20', '1467806852', 1, 20000, 'system', 'debit', '', '2016-07-06 09:57:32', '2016-07-06 09:57:32', 0),
(71, '2016-07-15', '1468238839', 1, 300000, 'system', 'credit', '', '2016-07-11 09:51:19', '2016-07-11 09:51:19', 0),
(72, '2016-07-15', '1468238839', 11, 300000, 'system', 'debit', '', '2016-07-11 09:51:19', '2016-07-11 09:51:19', 0),
(73, '2016-07-11', '1468238870', 1, 15000, 'system', 'credit', 'loan disbursement', '2016-07-11 09:53:50', '2016-07-11 09:53:50', 0),
(74, '2016-07-11', '1468238870', 4, 15000, 'system', 'debit', 'loan disbursement', '2016-07-11 09:53:50', '2016-07-11 09:53:50', 0),
(75, '2016-07-20', '1468238874', 15, 900, 'system', 'credit', 'interest repayment', '2016-07-11 09:54:54', '2016-07-11 09:54:54', 0),
(76, '2016-07-20', '1468238874', 1, 900, 'system', 'debit', 'interest repayment', '2016-07-11 09:54:55', '2016-07-11 09:54:55', 0),
(77, '2016-07-20', '1468238875', 4, 2500, 'system', 'credit', 'principal repayment', '2016-07-11 09:54:55', '2016-07-11 09:54:55', 0),
(78, '2016-07-20', '1468238875', 1, 2500, 'system', 'debit', 'principal repayment', '2016-07-11 09:54:55', '2016-07-11 09:54:55', 0),
(79, '2016-07-22', '1469167653', 1, 20000, 'system', 'credit', 'loan disbursement', '2016-07-22 03:05:34', '2016-07-22 03:05:34', 0),
(80, '2016-07-22', '1469167653', 3, 20000, 'system', 'debit', 'loan disbursement', '2016-07-22 03:05:34', '2016-07-22 03:05:34', 0),
(81, '2016-07-22', '1469167671', 1, 10000, 'system', 'credit', 'loan disbursement', '2016-07-22 03:05:51', '2016-07-22 03:05:51', 0),
(82, '2016-07-22', '1469167671', 4, 10000, 'system', 'debit', 'loan disbursement', '2016-07-22 03:05:51', '2016-07-22 03:05:51', 0),
(83, '2016-07-27', '1469610422', 1, 15000, 'system', 'credit', 'loan disbursement', '2016-07-27 06:11:02', '2016-07-27 06:11:02', 0),
(84, '2016-07-27', '1469610422', 3, 15000, 'system', 'debit', 'loan disbursement', '2016-07-27 06:11:02', '2016-07-27 06:11:02', 0),
(85, '2016-07-26', '1469610422', 12, 900, 'system', 'credit', 'interest repayment', '2016-07-27 06:14:02', '2016-07-27 06:14:02', 0),
(86, '2016-07-26', '1469610422', 1, 900, 'system', 'debit', 'interest repayment', '2016-07-27 06:14:02', '2016-07-27 06:14:02', 0),
(87, '2016-07-26', '1469610422', 3, 2100, 'system', 'credit', 'principal repayment', '2016-07-27 06:14:02', '2016-07-27 06:14:02', 0),
(88, '2016-07-26', '1469610422', 1, 2100, 'system', 'debit', 'principal repayment', '2016-07-27 06:14:02', '2016-07-27 06:14:02', 0),
(89, '2016-07-21', '1469610460', 11, 20000, 'system', 'credit', '', '2016-07-27 06:15:40', '2016-07-27 06:15:40', 0),
(90, '2016-07-21', '1469610460', 1, 20000, 'system', 'debit', '', '2016-07-27 06:15:40', '2016-07-27 06:15:40', 0),
(91, '2016-08-03', '1470218918', 1, 15000, 'system', 'credit', 'loan disbursement', '2016-08-03 07:25:38', '2016-08-03 07:25:38', 0),
(92, '2016-08-03', '1470218918', 3, 15000, 'system', 'debit', 'loan disbursement', '2016-08-03 07:25:38', '2016-08-03 07:25:38', 0),
(93, '2016-08-04', '1470316136', 1, 12000, 'system', 'credit', 'loan disbursement', '2016-08-04 10:05:56', '2016-08-04 10:05:56', 0),
(94, '2016-08-04', '1470316136', 3, 12000, 'system', 'debit', 'loan disbursement', '2016-08-04 10:05:56', '2016-08-04 10:05:56', 0),
(95, '2016-09-13', '1473757774', 11, 10000, 'system', 'credit', '', '2016-09-13 06:06:34', '2016-09-13 06:06:34', 0),
(96, '2016-09-13', '1473757774', 1, 10000, 'system', 'debit', '', '2016-09-13 06:06:34', '2016-09-13 06:06:34', 0),
(97, '2016-09-13', '1473757768', 1, 15000, 'system', 'credit', 'loan disbursement', '2016-09-13 06:07:28', '2016-09-13 06:07:28', 0),
(98, '2016-09-13', '1473757768', 3, 15000, 'system', 'debit', 'loan disbursement', '2016-09-13 06:07:28', '2016-09-13 06:07:28', 0),
(99, '2016-09-13', '1473757760', 12, 900, 'system', 'credit', 'interest repayment', '2016-09-13 06:12:20', '2016-09-13 06:12:20', 0),
(100, '2016-09-13', '1473757760', 1, 900, 'system', 'debit', 'interest repayment', '2016-09-13 06:12:20', '2016-09-13 06:12:20', 0),
(101, '2016-09-13', '1473757760', 3, 1100, 'system', 'credit', 'principal repayment', '2016-09-13 06:12:20', '2016-09-13 06:12:20', 0),
(102, '2016-09-13', '1473757760', 1, 1100, 'system', 'debit', 'principal repayment', '2016-09-13 06:12:20', '2016-09-13 06:12:20', 0),
(103, '2016-09-21', '1474452562', 1, 5000, 'system', 'credit', 'loan disbursement', '2016-09-21 07:28:22', '2016-09-21 07:28:22', 0),
(104, '2016-09-21', '1474452562', 3, 5000, 'system', 'debit', 'loan disbursement', '2016-09-21 07:28:22', '2016-09-21 07:28:22', 0),
(105, '2016-09-22', '1474528173', 1, 6000, 'system', 'credit', 'loan disbursement', '2016-09-22 04:10:33', '2016-09-22 04:10:33', 0),
(106, '2016-09-22', '1474528173', 3, 6000, 'system', 'debit', 'loan disbursement', '2016-09-22 04:10:33', '2016-09-22 04:10:33', 0),
(107, '2016-10-10', '1476105039', 1, 45000, 'system', 'credit', 'loan disbursement', '2016-10-10 10:03:39', '2016-10-10 10:03:39', 0),
(108, '2016-10-10', '1476105039', 3, 45000, 'system', 'debit', 'loan disbursement', '2016-10-10 10:03:39', '2016-10-10 10:03:39', 0),
(109, '0000-00-00', '1476177002', 12, 0, 'system', 'credit', 'interest repayment', '2016-10-11 06:17:02', '2016-10-11 06:17:02', 0),
(110, '0000-00-00', '1476177002', 1, 0, 'system', 'debit', 'interest repayment', '2016-10-11 06:17:02', '2016-10-11 06:17:02', 0),
(111, '0000-00-00', '1476177002', 3, 0, 'system', 'credit', 'principal repayment', '2016-10-11 06:17:02', '2016-10-11 06:17:02', 0),
(112, '0000-00-00', '1476177002', 1, 0, 'system', 'debit', 'principal repayment', '2016-10-11 06:17:02', '2016-10-11 06:17:02', 0),
(113, '0000-00-00', '1476177016', 15, 600, 'system', 'credit', 'interest repayment', '2016-10-11 06:40:16', '2016-10-11 06:40:16', 0),
(114, '0000-00-00', '1476177016', 1, 600, 'system', 'debit', 'interest repayment', '2016-10-11 06:40:16', '2016-10-11 06:40:16', 0),
(115, '0000-00-00', '1476177037', 15, 600, 'system', 'credit', 'interest repayment', '2016-10-11 06:41:37', '2016-10-11 06:41:37', 0),
(116, '0000-00-00', '1476177037', 1, 600, 'system', 'debit', 'interest repayment', '2016-10-11 06:41:37', '2016-10-11 06:41:37', 0),
(117, '0000-00-00', '1476177040', 12, 2700, 'system', 'credit', 'interest repayment', '2016-10-11 06:52:40', '2016-10-11 06:52:40', 0),
(118, '0000-00-00', '1476177040', 1, 2700, 'system', 'debit', 'interest repayment', '2016-10-11 06:52:40', '2016-10-11 06:52:40', 0),
(119, '0000-00-00', '1476177027', 12, 2700, 'system', 'credit', 'interest repayment', '2016-10-11 06:56:27', '2016-10-11 06:56:27', 0),
(120, '0000-00-00', '1476177027', 1, 2700, 'system', 'debit', 'interest repayment', '2016-10-11 06:56:27', '2016-10-11 06:56:27', 0),
(121, '0000-00-00', '1476177051', 12, 2700, 'system', 'credit', 'interest repayment', '2016-10-11 06:56:51', '2016-10-11 06:56:51', 0),
(122, '0000-00-00', '1476177051', 1, 2700, 'system', 'debit', 'interest repayment', '2016-10-11 06:56:51', '2016-10-11 06:56:51', 0),
(123, '0000-00-00', '1476177025', 12, 2700, 'system', 'credit', 'interest repayment', '2016-10-11 06:57:25', '2016-10-11 06:57:25', 0),
(124, '0000-00-00', '1476177025', 1, 2700, 'system', 'debit', 'interest repayment', '2016-10-11 06:57:25', '2016-10-11 06:57:25', 0),
(125, '0000-00-00', '1476177055', 12, 2700, 'system', 'credit', 'interest repayment', '2016-10-11 06:57:55', '2016-10-11 06:57:55', 0),
(126, '0000-00-00', '1476177055', 1, 2700, 'system', 'debit', 'interest repayment', '2016-10-11 06:57:55', '2016-10-11 06:57:55', 0),
(127, '0000-00-00', '1476177016', 12, 0, 'system', 'credit', 'interest repayment', '2016-10-11 06:58:16', '2016-10-11 06:58:16', 0),
(128, '0000-00-00', '1476177016', 1, 0, 'system', 'debit', 'interest repayment', '2016-10-11 06:58:16', '2016-10-11 06:58:16', 0),
(129, '0000-00-00', '1476177016', 3, 0, 'system', 'credit', 'principal repayment', '2016-10-11 06:58:16', '2016-10-11 06:58:16', 0),
(130, '0000-00-00', '1476177016', 1, 0, 'system', 'debit', 'principal repayment', '2016-10-11 06:58:16', '2016-10-11 06:58:16', 0),
(131, '0000-00-00', '1476180611', 12, 0, 'system', 'credit', 'interest repayment', '2016-10-11 07:00:11', '2016-10-11 07:00:11', 0),
(132, '0000-00-00', '1476180611', 1, 0, 'system', 'debit', 'interest repayment', '2016-10-11 07:00:11', '2016-10-11 07:00:11', 0),
(133, '0000-00-00', '1476180611', 3, 0, 'system', 'credit', 'principal repayment', '2016-10-11 07:00:11', '2016-10-11 07:00:11', 0),
(134, '0000-00-00', '1476180611', 1, 0, 'system', 'debit', 'principal repayment', '2016-10-11 07:00:11', '2016-10-11 07:00:11', 0),
(135, '0000-00-00', '1476180656', 12, 0, 'system', 'credit', 'interest repayment', '2016-10-11 07:57:56', '2016-10-11 07:57:56', 0),
(136, '0000-00-00', '1476180656', 1, 0, 'system', 'debit', 'interest repayment', '2016-10-11 07:57:56', '2016-10-11 07:57:56', 0),
(137, '0000-00-00', '1476180656', 3, 0, 'system', 'credit', 'principal repayment', '2016-10-11 07:57:56', '2016-10-11 07:57:56', 0),
(138, '0000-00-00', '1476180656', 1, 0, 'system', 'debit', 'principal repayment', '2016-10-11 07:57:56', '2016-10-11 07:57:56', 0),
(139, '2016-10-29', '1476184202', 12, 0, 'system', 'credit', 'interest repayment', '2016-10-11 08:48:02', '2016-10-11 08:48:02', 0),
(140, '2016-10-29', '1476184202', 1, 0, 'system', 'debit', 'interest repayment', '2016-10-11 08:48:02', '2016-10-11 08:48:02', 0),
(141, '2016-10-29', '1476184202', 3, 15000, 'system', 'credit', 'principal repayment', '2016-10-11 08:48:02', '2016-10-11 08:48:02', 0),
(142, '2016-10-29', '1476184202', 1, 15000, 'system', 'debit', 'principal repayment', '2016-10-11 08:48:02', '2016-10-11 08:48:02', 0),
(143, '2016-10-19', '1476184202', 12, 0, 'system', 'credit', 'interest repayment', '2016-10-11 08:55:02', '2016-10-11 08:55:02', 0),
(144, '2016-10-19', '1476184202', 1, 0, 'system', 'debit', 'interest repayment', '2016-10-11 08:55:02', '2016-10-11 08:55:02', 0),
(145, '2016-10-19', '1476184202', 3, 24000, 'system', 'credit', 'principal repayment', '2016-10-11 08:55:03', '2016-10-11 08:55:03', 0),
(146, '2016-10-19', '1476184202', 1, 24000, 'system', 'debit', 'principal repayment', '2016-10-11 08:55:03', '2016-10-11 08:55:03', 0),
(147, '2016-10-27', '1476187850', 12, 0, 'system', 'credit', 'interest repayment', '2016-10-11 09:00:50', '2016-10-11 09:00:50', 0),
(148, '2016-10-27', '1476187850', 1, 0, 'system', 'debit', 'interest repayment', '2016-10-11 09:00:50', '2016-10-11 09:00:50', 0),
(149, '2016-10-27', '1476187850', 3, 24000, 'system', 'credit', 'principal repayment', '2016-10-11 09:00:50', '2016-10-11 09:00:50', 0),
(150, '2016-10-27', '1476187850', 1, 24000, 'system', 'debit', 'principal repayment', '2016-10-11 09:00:50', '2016-10-11 09:00:50', 0),
(151, '2016-10-31', '1476187846', 12, 0, 'system', 'credit', 'interest repayment', '2016-10-11 09:05:46', '2016-10-11 09:05:46', 0),
(152, '2016-10-31', '1476187846', 1, 0, 'system', 'debit', 'interest repayment', '2016-10-11 09:05:46', '2016-10-11 09:05:46', 0),
(153, '2016-10-31', '1476187846', 3, 24000, 'system', 'credit', 'principal repayment', '2016-10-11 09:05:46', '2016-10-11 09:05:46', 0),
(154, '2016-10-31', '1476187846', 1, 24000, 'system', 'debit', 'principal repayment', '2016-10-11 09:05:46', '2016-10-11 09:05:46', 0),
(155, '0000-00-00', '1476187828', 12, 0, 'system', 'credit', 'interest repayment', '2016-10-11 09:17:28', '2016-10-11 09:17:28', 0),
(156, '0000-00-00', '1476187828', 1, 0, 'system', 'debit', 'interest repayment', '2016-10-11 09:17:28', '2016-10-11 09:17:28', 0),
(157, '0000-00-00', '1476187828', 3, 0, 'system', 'credit', 'principal repayment', '2016-10-11 09:17:28', '2016-10-11 09:17:28', 0),
(158, '0000-00-00', '1476187828', 1, 0, 'system', 'debit', 'principal repayment', '2016-10-11 09:17:28', '2016-10-11 09:17:28', 0),
(159, '2016-10-21', '1476187829', 12, 0, 'system', 'credit', 'interest repayment', '2016-10-11 09:20:29', '2016-10-11 09:20:29', 0),
(160, '2016-10-21', '1476187829', 1, 0, 'system', 'debit', 'interest repayment', '2016-10-11 09:20:29', '2016-10-11 09:20:29', 0),
(161, '2016-10-21', '1476187829', 3, 27000, 'system', 'credit', 'principal repayment', '2016-10-11 09:20:29', '2016-10-11 09:20:29', 0),
(162, '2016-10-21', '1476187829', 1, 27000, 'system', 'debit', 'principal repayment', '2016-10-11 09:20:29', '2016-10-11 09:20:29', 0),
(163, '2016-10-12', '1476187821', 12, 0, 'system', 'credit', 'interest repayment', '2016-10-11 09:21:21', '2016-10-11 09:21:21', 0),
(164, '2016-10-12', '1476187821', 1, 0, 'system', 'debit', 'interest repayment', '2016-10-11 09:21:22', '2016-10-11 09:21:22', 0),
(165, '2016-10-12', '1476187822', 3, 27000, 'system', 'credit', 'principal repayment', '2016-10-11 09:21:22', '2016-10-11 09:21:22', 0),
(166, '2016-10-12', '1476187822', 1, 27000, 'system', 'debit', 'principal repayment', '2016-10-11 09:21:22', '2016-10-11 09:21:22', 0),
(167, '2016-10-14', '1476187830', 12, 0, 'system', 'credit', 'interest repayment', '2016-10-11 09:22:30', '2016-10-11 09:22:30', 0),
(168, '2016-10-14', '1476187830', 1, 0, 'system', 'debit', 'interest repayment', '2016-10-11 09:22:30', '2016-10-11 09:22:30', 0),
(169, '2016-10-14', '1476187831', 3, 33000, 'system', 'credit', 'principal repayment', '2016-10-11 09:22:31', '2016-10-11 09:22:31', 0),
(170, '2016-10-14', '1476187831', 1, 33000, 'system', 'debit', 'principal repayment', '2016-10-11 09:22:31', '2016-10-11 09:22:31', 0),
(171, '2016-10-29', '1476187838', 12, 0, 'system', 'credit', 'interest repayment', '2016-10-11 09:23:38', '2016-10-11 09:23:38', 0),
(172, '2016-10-29', '1476187838', 1, 0, 'system', 'debit', 'interest repayment', '2016-10-11 09:23:38', '2016-10-11 09:23:38', 0),
(173, '2016-10-29', '1476187838', 3, 15000, 'system', 'credit', 'principal repayment', '2016-10-11 09:23:38', '2016-10-11 09:23:38', 0),
(174, '2016-10-29', '1476187838', 1, 15000, 'system', 'debit', 'principal repayment', '2016-10-11 09:23:38', '2016-10-11 09:23:38', 0),
(175, '2016-10-20', '1476187834', 12, 0, 'system', 'credit', 'interest repayment', '2016-10-11 09:24:34', '2016-10-11 09:24:34', 0),
(176, '2016-10-20', '1476187834', 1, 0, 'system', 'debit', 'interest repayment', '2016-10-11 09:24:34', '2016-10-11 09:24:34', 0),
(177, '2016-10-20', '1476187834', 3, 15000, 'system', 'credit', 'principal repayment', '2016-10-11 09:24:34', '2016-10-11 09:24:34', 0),
(178, '2016-10-20', '1476187834', 1, 15000, 'system', 'debit', 'principal repayment', '2016-10-11 09:24:34', '2016-10-11 09:24:34', 0),
(179, '2016-10-28', '1476187835', 12, 0, 'system', 'credit', 'interest repayment', '2016-10-11 09:27:35', '2016-10-11 09:27:35', 0),
(180, '2016-10-28', '1476187835', 1, 0, 'system', 'debit', 'interest repayment', '2016-10-11 09:27:35', '2016-10-11 09:27:35', 0),
(181, '2016-10-28', '1476187835', 3, 21000, 'system', 'credit', 'principal repayment', '2016-10-11 09:27:35', '2016-10-11 09:27:35', 0),
(182, '2016-10-28', '1476187835', 1, 21000, 'system', 'debit', 'principal repayment', '2016-10-11 09:27:35', '2016-10-11 09:27:35', 0),
(183, '2016-10-20', '1476187858', 12, 0, 'system', 'credit', 'interest repayment', '2016-10-11 09:28:58', '2016-10-11 09:28:58', 0),
(184, '2016-10-20', '1476187858', 1, 0, 'system', 'debit', 'interest repayment', '2016-10-11 09:28:58', '2016-10-11 09:28:58', 0),
(185, '2016-10-20', '1476187858', 3, 21000, 'system', 'credit', 'principal repayment', '2016-10-11 09:28:58', '2016-10-11 09:28:58', 0),
(186, '2016-10-20', '1476187858', 1, 21000, 'system', 'debit', 'principal repayment', '2016-10-11 09:28:58', '2016-10-11 09:28:58', 0),
(187, '2016-10-25', '1476187803', 12, 0, 'system', 'credit', 'interest repayment', '2016-10-11 09:30:03', '2016-10-11 09:30:03', 0),
(188, '2016-10-25', '1476187803', 1, 0, 'system', 'debit', 'interest repayment', '2016-10-11 09:30:03', '2016-10-11 09:30:03', 0),
(189, '2016-10-25', '1476187803', 3, 15000, 'system', 'credit', 'principal repayment', '2016-10-11 09:30:03', '2016-10-11 09:30:03', 0),
(190, '2016-10-25', '1476187803', 1, 15000, 'system', 'debit', 'principal repayment', '2016-10-11 09:30:03', '2016-10-11 09:30:03', 0),
(191, '2016-10-12', '1476187808', 12, 0, 'system', 'credit', 'interest repayment', '2016-10-11 09:31:08', '2016-10-11 09:31:08', 0),
(192, '2016-10-12', '1476187808', 1, 0, 'system', 'debit', 'interest repayment', '2016-10-11 09:31:08', '2016-10-11 09:31:08', 0),
(193, '2016-10-12', '1476187808', 3, 15000, 'system', 'credit', 'principal repayment', '2016-10-11 09:31:08', '2016-10-11 09:31:08', 0),
(194, '2016-10-12', '1476187808', 1, 15000, 'system', 'debit', 'principal repayment', '2016-10-11 09:31:08', '2016-10-11 09:31:08', 0),
(195, '2016-10-27', '1476187822', 12, 0, 'system', 'credit', 'interest repayment', '2016-10-11 09:32:22', '2016-10-11 09:32:22', 0),
(196, '2016-10-27', '1476187822', 1, 0, 'system', 'debit', 'interest repayment', '2016-10-11 09:32:22', '2016-10-11 09:32:22', 0),
(197, '2016-10-27', '1476187822', 3, 15000, 'system', 'credit', 'principal repayment', '2016-10-11 09:32:22', '2016-10-11 09:32:22', 0),
(198, '2016-10-27', '1476187822', 1, 15000, 'system', 'debit', 'principal repayment', '2016-10-11 09:32:22', '2016-10-11 09:32:22', 0),
(199, '2016-10-19', '1476187807', 12, 0, 'system', 'credit', 'interest repayment', '2016-10-11 09:33:07', '2016-10-11 09:33:07', 0),
(200, '2016-10-19', '1476187807', 1, 0, 'system', 'debit', 'interest repayment', '2016-10-11 09:33:07', '2016-10-11 09:33:07', 0),
(201, '2016-10-19', '1476187807', 3, 15000, 'system', 'credit', 'principal repayment', '2016-10-11 09:33:07', '2016-10-11 09:33:07', 0),
(202, '2016-10-19', '1476187807', 1, 15000, 'system', 'debit', 'principal repayment', '2016-10-11 09:33:08', '2016-10-11 09:33:08', 0),
(203, '2016-10-28', '1476191428', 12, 0, 'system', 'credit', 'interest repayment', '2016-10-11 10:00:29', '2016-10-11 10:00:29', 0),
(204, '2016-10-28', '1476191428', 1, 0, 'system', 'debit', 'interest repayment', '2016-10-11 10:00:29', '2016-10-11 10:00:29', 0),
(205, '2016-10-28', '1476191429', 3, 12300, 'system', 'credit', 'principal repayment', '2016-10-11 10:00:29', '2016-10-11 10:00:29', 0),
(206, '2016-10-28', '1476191429', 1, 12300, 'system', 'debit', 'principal repayment', '2016-10-11 10:00:29', '2016-10-11 10:00:29', 0),
(207, '2016-10-28', '1476191421', 12, 0, 'system', 'credit', 'interest repayment', '2016-10-11 10:01:21', '2016-10-11 10:01:21', 0),
(208, '2016-10-28', '1476191421', 1, 0, 'system', 'debit', 'interest repayment', '2016-10-11 10:01:21', '2016-10-11 10:01:21', 0),
(209, '2016-10-28', '1476191421', 3, 30000, 'system', 'credit', 'principal repayment', '2016-10-11 10:01:21', '2016-10-11 10:01:21', 0),
(210, '2016-10-28', '1476191421', 1, 30000, 'system', 'debit', 'principal repayment', '2016-10-11 10:01:21', '2016-10-11 10:01:21', 0),
(211, '2016-10-21', '1476191401', 12, 0, 'system', 'credit', 'interest repayment', '2016-10-11 10:02:01', '2016-10-11 10:02:01', 0),
(212, '2016-10-21', '1476191401', 1, 0, 'system', 'debit', 'interest repayment', '2016-10-11 10:02:01', '2016-10-11 10:02:01', 0),
(213, '2016-10-21', '1476191401', 3, 6600, 'system', 'credit', 'principal repayment', '2016-10-11 10:02:01', '2016-10-11 10:02:01', 0),
(214, '2016-10-21', '1476191401', 1, 6600, 'system', 'debit', 'principal repayment', '2016-10-11 10:02:01', '2016-10-11 10:02:01', 0),
(215, '0000-00-00', '1476256211', 12, 0, 'system', 'credit', 'interest repayment', '2016-10-12 04:35:11', '2016-10-12 04:35:11', 0),
(216, '0000-00-00', '1476256211', 1, 0, 'system', 'debit', 'interest repayment', '2016-10-12 04:35:11', '2016-10-12 04:35:11', 0),
(217, '0000-00-00', '1476256211', 3, 0, 'system', 'credit', 'principal repayment', '2016-10-12 04:35:11', '2016-10-12 04:35:11', 0),
(218, '0000-00-00', '1476256211', 1, 0, 'system', 'debit', 'principal repayment', '2016-10-12 04:35:11', '2016-10-12 04:35:11', 0),
(219, '2016-10-13', '1476346219', 1, 125000, 'system', 'credit', 'loan disbursement', '2016-10-13 05:20:19', '2016-10-13 05:20:19', 0),
(220, '2016-10-13', '1476346219', 3, 125000, 'system', 'debit', 'loan disbursement', '2016-10-13 05:20:19', '2016-10-13 05:20:19', 0),
(221, '2016-10-13', '1476346248', 1, 10000, 'system', 'credit', 'loan disbursement', '2016-10-13 05:53:48', '2016-10-13 05:53:48', 0),
(222, '2016-10-13', '1476346248', 3, 10000, 'system', 'debit', 'loan disbursement', '2016-10-13 05:53:48', '2016-10-13 05:53:48', 0),
(223, '2016-10-13', '1476353451', 1, 30000, 'system', 'credit', 'loan disbursement', '2016-10-13 07:23:51', '2016-10-13 07:23:51', 0),
(224, '2016-10-13', '1476353451', 4, 30000, 'system', 'debit', 'loan disbursement', '2016-10-13 07:23:52', '2016-10-13 07:23:52', 0),
(225, '2016-10-13', '1476357004', 1, 12000, 'system', 'credit', 'loan disbursement', '2016-10-13 08:53:04', '2016-10-13 08:53:04', 0),
(226, '2016-10-13', '1476357004', 4, 12000, 'system', 'debit', 'loan disbursement', '2016-10-13 08:53:04', '2016-10-13 08:53:04', 0),
(227, '0000-00-00', '1476360640', 15, 0, 'system', 'credit', 'interest repayment', '2016-10-13 09:46:40', '2016-10-13 09:46:40', 0),
(228, '0000-00-00', '1476360640', 1, 0, 'system', 'debit', 'interest repayment', '2016-10-13 09:46:40', '2016-10-13 09:46:40', 0),
(229, '0000-00-00', '1476360640', 4, 0, 'system', 'credit', 'principal repayment', '2016-10-13 09:46:40', '2016-10-13 09:46:40', 0),
(230, '0000-00-00', '1476360640', 1, 0, 'system', 'debit', 'principal repayment', '2016-10-13 09:46:40', '2016-10-13 09:46:40', 0),
(231, '0000-00-00', '1476364203', 15, 600, 'system', 'credit', 'interest repayment', '2016-10-13 10:00:03', '2016-10-13 10:00:03', 0),
(232, '0000-00-00', '1476364203', 1, 600, 'system', 'debit', 'interest repayment', '2016-10-13 10:00:03', '2016-10-13 10:00:03', 0),
(233, '0000-00-00', '1476364256', 15, 0, 'system', 'credit', 'interest repayment', '2016-10-13 10:01:56', '2016-10-13 10:01:56', 0),
(234, '0000-00-00', '1476364256', 1, 0, 'system', 'debit', 'interest repayment', '2016-10-13 10:01:56', '2016-10-13 10:01:56', 0),
(235, '0000-00-00', '1476364256', 4, 0, 'system', 'credit', 'principal repayment', '2016-10-13 10:01:56', '2016-10-13 10:01:56', 0),
(236, '0000-00-00', '1476364256', 1, 0, 'system', 'debit', 'principal repayment', '2016-10-13 10:01:56', '2016-10-13 10:01:56', 0),
(237, '2016-10-14', '1476432607', 1, 30000, 'system', 'credit', 'loan disbursement', '2016-10-14 05:20:07', '2016-10-14 05:20:07', 0),
(238, '2016-10-14', '1476432607', 4, 30000, 'system', 'debit', 'loan disbursement', '2016-10-14 05:20:07', '2016-10-14 05:20:07', 0),
(239, '2016-10-25', '1476432644', 15, 300, 'system', 'credit', 'interest repayment', '2016-10-14 05:38:44', '2016-10-14 05:38:44', 0),
(240, '2016-10-25', '1476432644', 1, 300, 'system', 'debit', 'interest repayment', '2016-10-14 05:38:44', '2016-10-14 05:38:44', 0),
(241, '2016-10-25', '1476432644', 4, 1700, 'system', 'credit', 'principal repayment', '2016-10-14 05:38:44', '2016-10-14 05:38:44', 0),
(242, '2016-10-25', '1476432644', 1, 1700, 'system', 'debit', 'principal repayment', '2016-10-14 05:38:44', '2016-10-14 05:38:44', 0),
(243, '2016-10-12', '1476450634', 15, 120, 'system', 'credit', 'interest repayment', '2016-10-14 10:26:34', '2016-10-14 10:26:34', 0),
(244, '2016-10-12', '1476450634', 1, 120, 'system', 'debit', 'interest repayment', '2016-10-14 10:26:34', '2016-10-14 10:26:34', 0),
(245, '2016-10-12', '1476450635', 4, 1880, 'system', 'credit', 'principal repayment', '2016-10-14 10:26:35', '2016-10-14 10:26:35', 0),
(246, '2016-10-12', '1476450635', 1, 1880, 'system', 'debit', 'principal repayment', '2016-10-14 10:26:35', '2016-10-14 10:26:35', 0),
(247, '2016-10-14', '1476450641', 15, 164, 'system', 'credit', 'interest repayment', '2016-10-14 10:33:41', '2016-10-14 10:33:41', 0),
(248, '2016-10-14', '1476450641', 1, 164, 'system', 'debit', 'interest repayment', '2016-10-14 10:33:41', '2016-10-14 10:33:41', 0),
(249, '2016-10-14', '1476450642', 4, 1100, 'system', 'credit', 'principal repayment', '2016-10-14 10:33:42', '2016-10-14 10:33:42', 0),
(250, '2016-10-14', '1476450642', 1, 1100, 'system', 'debit', 'principal repayment', '2016-10-14 10:33:42', '2016-10-14 10:33:42', 0),
(251, '2016-10-27', '1476450610', 15, 0, 'system', 'credit', 'interest repayment', '2016-10-14 10:40:10', '2016-10-14 10:40:10', 0),
(252, '2016-10-27', '1476450610', 1, 0, 'system', 'debit', 'interest repayment', '2016-10-14 10:40:10', '2016-10-14 10:40:10', 0),
(253, '2016-10-27', '1476450610', 4, 40, 'system', 'credit', 'principal repayment', '2016-10-14 10:40:10', '2016-10-14 10:40:10', 0),
(254, '2016-10-27', '1476450610', 1, 40, 'system', 'debit', 'principal repayment', '2016-10-14 10:40:10', '2016-10-14 10:40:10', 0),
(255, '2016-11-01', '1476450650', 15, 0, 'system', 'credit', 'interest repayment', '2016-10-14 10:46:51', '2016-10-14 10:46:51', 0),
(256, '2016-11-01', '1476450650', 1, 0, 'system', 'debit', 'interest repayment', '2016-10-14 10:46:51', '2016-10-14 10:46:51', 0),
(257, '2016-11-01', '1476450651', 4, 40, 'system', 'credit', 'principal repayment', '2016-10-14 10:46:51', '2016-10-14 10:46:51', 0),
(258, '2016-11-01', '1476450651', 1, 40, 'system', 'debit', 'principal repayment', '2016-10-14 10:46:51', '2016-10-14 10:46:51', 0),
(259, '0000-00-00', '1476450603', 15, 0, 'system', 'credit', 'interest repayment', '2016-10-14 10:47:03', '2016-10-14 10:47:03', 0),
(260, '0000-00-00', '1476450603', 1, 0, 'system', 'debit', 'interest repayment', '2016-10-14 10:47:03', '2016-10-14 10:47:03', 0),
(261, '2016-10-18', '1476450606', 15, 0, 'system', 'credit', 'interest repayment', '2016-10-14 10:50:06', '2016-10-14 10:50:06', 0),
(262, '2016-10-18', '1476450606', 1, 0, 'system', 'debit', 'interest repayment', '2016-10-14 10:50:06', '2016-10-14 10:50:06', 0),
(263, '2016-10-18', '1476450606', 4, 12000, 'system', 'credit', 'principal repayment', '2016-10-14 10:50:06', '2016-10-14 10:50:06', 0),
(264, '2016-10-18', '1476450606', 1, 12000, 'system', 'debit', 'principal repayment', '2016-10-14 10:50:06', '2016-10-14 10:50:06', 0),
(265, '0000-00-00', '1476450632', 15, 0, 'system', 'credit', 'interest repayment', '2016-10-14 10:57:32', '2016-10-14 10:57:32', 0),
(266, '0000-00-00', '1476450632', 1, 0, 'system', 'debit', 'interest repayment', '2016-10-14 10:57:32', '2016-10-14 10:57:32', 0),
(267, '0000-00-00', '1476450632', 4, 0, 'system', 'credit', 'principal repayment', '2016-10-14 10:57:32', '2016-10-14 10:57:32', 0),
(268, '0000-00-00', '1476450632', 1, 0, 'system', 'debit', 'principal repayment', '2016-10-14 10:57:32', '2016-10-14 10:57:32', 0),
(269, '2016-10-19', '1476454237', 15, 0, 'system', 'credit', 'interest repayment', '2016-10-14 11:07:37', '2016-10-14 11:07:37', 0),
(270, '2016-10-19', '1476454237', 1, 0, 'system', 'debit', 'interest repayment', '2016-10-14 11:07:37', '2016-10-14 11:07:37', 0),
(271, '2016-10-19', '1476454237', 4, 5000, 'system', 'credit', 'principal repayment', '2016-10-14 11:07:37', '2016-10-14 11:07:37', 0),
(272, '2016-10-19', '1476454237', 1, 5000, 'system', 'debit', 'principal repayment', '2016-10-14 11:07:37', '2016-10-14 11:07:37', 0),
(273, '2016-10-25', '1476688259', 12, 300, 'system', 'credit', 'interest repayment', '2016-10-17 04:58:59', '2016-10-17 04:58:59', 0),
(274, '2016-10-25', '1476688259', 1, 300, 'system', 'debit', 'interest repayment', '2016-10-17 04:58:59', '2016-10-17 04:58:59', 0),
(275, '2016-10-25', '1476688259', 3, 1667, 'system', 'credit', 'principal repayment', '2016-10-17 04:58:59', '2016-10-17 04:58:59', 0),
(276, '2016-10-25', '1476688259', 1, 1667, 'system', 'debit', 'principal repayment', '2016-10-17 04:58:59', '2016-10-17 04:58:59', 0),
(277, '2016-10-17', '1476709815', 1, 55000, 'system', 'credit', 'loan disbursement', '2016-10-17 10:53:15', '2016-10-17 10:53:15', 0),
(278, '2016-10-17', '1476709815', 4, 55000, 'system', 'debit', 'loan disbursement', '2016-10-17 10:53:15', '2016-10-17 10:53:15', 0),
(279, '2016-10-20', '1476709846', 15, 3300, 'system', 'credit', 'interest repayment', '2016-10-17 10:53:46', '2016-10-17 10:53:46', 0),
(280, '2016-10-20', '1476709846', 1, 3300, 'system', 'debit', 'interest repayment', '2016-10-17 10:53:46', '2016-10-17 10:53:46', 0),
(281, '2016-10-20', '1476709847', 4, 3667, 'system', 'credit', 'principal repayment', '2016-10-17 10:53:47', '2016-10-17 10:53:47', 0),
(282, '2016-10-20', '1476709847', 1, 3667, 'system', 'debit', 'principal repayment', '2016-10-17 10:53:47', '2016-10-17 10:53:47', 0),
(283, '2016-10-24', '1477296639', 15, 3064, 'system', 'credit', 'interest repayment', '2016-10-24 05:34:39', '2016-10-24 05:34:39', 0),
(284, '2016-10-24', '1477296639', 1, 3064, 'system', 'debit', 'interest repayment', '2016-10-24 05:34:39', '2016-10-24 05:34:39', 0),
(285, '2016-10-24', '1477296639', 4, 98136, 'system', 'credit', 'principal repayment', '2016-10-24 05:34:39', '2016-10-24 05:34:39', 0),
(286, '2016-10-24', '1477296639', 1, 98136, 'system', 'debit', 'principal repayment', '2016-10-24 05:34:40', '2016-10-24 05:34:40', 0),
(287, '2016-10-24', '1477296640', 15, 0, 'system', 'credit', 'interest repayment', '2016-10-24 05:34:40', '2016-10-24 05:34:40', 0),
(288, '2016-10-24', '1477296640', 1, 0, 'system', 'debit', 'interest repayment', '2016-10-24 05:34:40', '2016-10-24 05:34:40', 0),
(289, '2016-10-24', '1477296640', 4, 101200, 'system', 'credit', 'principal repayment', '2016-10-24 05:34:40', '2016-10-24 05:34:40', 0),
(290, '2016-10-24', '1477296640', 1, 101200, 'system', 'debit', 'principal repayment', '2016-10-24 05:34:41', '2016-10-24 05:34:41', 0),
(291, '2016-10-24', '1477296641', 15, 0, 'system', 'credit', 'interest repayment', '2016-10-24 05:34:41', '2016-10-24 05:34:41', 0),
(292, '2016-10-24', '1477296641', 1, 0, 'system', 'debit', 'interest repayment', '2016-10-24 05:34:41', '2016-10-24 05:34:41', 0),
(293, '2016-10-24', '1477296641', 4, 101200, 'system', 'credit', 'principal repayment', '2016-10-24 05:34:41', '2016-10-24 05:34:41', 0),
(294, '2016-10-24', '1477296641', 1, 101200, 'system', 'debit', 'principal repayment', '2016-10-24 05:34:41', '2016-10-24 05:34:41', 0),
(295, '0000-00-00', '1477296625', 15, 0, 'system', 'credit', 'interest repayment', '2016-10-24 05:43:25', '2016-10-24 05:43:25', 0),
(296, '0000-00-00', '1477296625', 1, 0, 'system', 'debit', 'interest repayment', '2016-10-24 05:43:25', '2016-10-24 05:43:25', 0),
(297, '0000-00-00', '1477296625', 4, 0, 'system', 'credit', 'principal repayment', '2016-10-24 05:43:25', '2016-10-24 05:43:25', 0),
(298, '0000-00-00', '1477296625', 1, 0, 'system', 'debit', 'principal repayment', '2016-10-24 05:43:25', '2016-10-24 05:43:25', 0),
(299, '0000-00-00', '1477462206', 15, 0, 'system', 'credit', 'interest repayment', '2016-10-26 03:47:06', '2016-10-26 03:47:06', 0),
(300, '0000-00-00', '1477462206', 1, 0, 'system', 'debit', 'interest repayment', '2016-10-26 03:47:06', '2016-10-26 03:47:06', 0),
(301, '0000-00-00', '1477462206', 4, 0, 'system', 'credit', 'principal repayment', '2016-10-26 03:47:06', '2016-10-26 03:47:06', 0),
(302, '0000-00-00', '1477462206', 1, 0, 'system', 'debit', 'principal repayment', '2016-10-26 03:47:06', '2016-10-26 03:47:06', 0),
(303, '2016-11-02', '1478081464', 1, 50000, 'system', 'credit', 'loan disbursement', '2016-11-02 07:13:04', '2016-11-02 07:13:04', 0),
(304, '2016-11-02', '1478081464', 3, 50000, 'system', 'debit', 'loan disbursement', '2016-11-02 07:13:04', '2016-11-02 07:13:04', 0),
(305, '2016-11-16', '1478081471', 12, 3000, 'system', 'credit', 'interest repayment', '2016-11-02 07:24:11', '2016-11-02 07:24:11', 0),
(306, '2016-11-16', '1478081471', 1, 3000, 'system', 'debit', 'interest repayment', '2016-11-02 07:24:11', '2016-11-02 07:24:11', 0),
(307, '2016-11-16', '1478081471', 3, 8333, 'system', 'credit', 'principal repayment', '2016-11-02 07:24:11', '2016-11-02 07:24:11', 0),
(308, '2016-11-16', '1478081471', 1, 8333, 'system', 'debit', 'principal repayment', '2016-11-02 07:24:11', '2016-11-02 07:24:11', 0),
(309, '2016-11-29', '1478081491', 12, 2500, 'system', 'credit', 'interest repayment', '2016-11-02 07:24:31', '2016-11-02 07:24:31', 0),
(310, '2016-11-29', '1478081491', 1, 2500, 'system', 'debit', 'interest repayment', '2016-11-02 07:24:31', '2016-11-02 07:24:31', 0),
(311, '2016-11-29', '1478081491', 3, 8333, 'system', 'credit', 'principal repayment', '2016-11-02 07:24:31', '2016-11-02 07:24:31', 0),
(312, '2016-11-29', '1478081491', 1, 8333, 'system', 'debit', 'principal repayment', '2016-11-02 07:24:31', '2016-11-02 07:24:31', 0),
(313, '2016-11-02', '1478085102', 1, 50000, 'system', 'credit', 'loan disbursement', '2016-11-02 08:00:42', '2016-11-02 08:00:42', 0),
(314, '2016-11-02', '1478085102', 3, 50000, 'system', 'debit', 'loan disbursement', '2016-11-02 08:00:42', '2016-11-02 08:00:42', 0),
(315, '2016-11-02', '1478085109', 12, 1765, 'system', 'credit', 'interest repayment', '2016-11-02 08:41:49', '2016-11-02 08:41:49', 0),
(316, '2016-11-02', '1478085109', 1, 1765, 'system', 'debit', 'interest repayment', '2016-11-02 08:41:49', '2016-11-02 08:41:49', 0),
(317, '2016-11-02', '1478085109', 3, 8627, 'system', 'credit', 'principal repayment', '2016-11-02 08:41:49', '2016-11-02 08:41:49', 0),
(318, '2016-11-02', '1478085109', 1, 8627, 'system', 'debit', 'principal repayment', '2016-11-02 08:41:49', '2016-11-02 08:41:49', 0),
(319, '2016-11-02', '1478092312', 12, 417, 'system', 'credit', 'interest repayment', '2016-11-02 10:51:52', '2016-11-02 10:51:52', 0),
(320, '2016-11-02', '1478092312', 1, 417, 'system', 'debit', 'interest repayment', '2016-11-02 10:51:52', '2016-11-02 10:51:52', 0),
(321, '2016-11-02', '1478095883', 12, 417, 'system', 'credit', 'interest repayment', '2016-11-02 11:25:23', '2016-11-02 11:25:23', 0),
(322, '2016-11-02', '1478095883', 1, 417, 'system', 'debit', 'interest repayment', '2016-11-02 11:25:23', '2016-11-02 11:25:23', 0),
(323, '2016-11-02', '1478095918', 12, 417, 'system', 'credit', 'interest repayment', '2016-11-02 11:33:58', '2016-11-02 11:33:58', 0),
(324, '2016-11-02', '1478095918', 1, 417, 'system', 'debit', 'interest repayment', '2016-11-02 11:33:58', '2016-11-02 11:33:58', 0),
(325, '2016-11-02', '1478095871', 12, 417, 'system', 'credit', 'interest repayment', '2016-11-02 11:35:11', '2016-11-02 11:35:11', 0),
(326, '2016-11-02', '1478095871', 1, 417, 'system', 'debit', 'interest repayment', '2016-11-02 11:35:11', '2016-11-02 11:35:11', 0),
(327, '2016-11-24', '1478095902', 12, 417, 'system', 'credit', 'interest repayment', '2016-11-02 11:36:42', '2016-11-02 11:36:42', 0),
(328, '2016-11-24', '1478095902', 1, 417, 'system', 'debit', 'interest repayment', '2016-11-02 11:36:43', '2016-11-02 11:36:43', 0),
(329, '2016-11-03', '1478095863', 12, 417, 'system', 'credit', 'interest repayment', '2016-11-02 11:39:03', '2016-11-02 11:39:03', 0),
(330, '2016-11-03', '1478095863', 1, 417, 'system', 'debit', 'interest repayment', '2016-11-02 11:39:03', '2016-11-02 11:39:03', 0),
(331, '2016-11-08', '1478106681', 12, 417, 'system', 'credit', 'interest repayment', '2016-11-02 14:41:21', '2016-11-02 14:41:21', 0),
(332, '2016-11-08', '1478106681', 1, 417, 'system', 'debit', 'interest repayment', '2016-11-02 14:41:21', '2016-11-02 14:41:21', 0),
(333, '2016-11-02', '1478106712', 12, 417, 'system', 'credit', 'interest repayment', '2016-11-02 14:54:52', '2016-11-02 14:54:52', 0),
(334, '2016-11-02', '1478106712', 1, 417, 'system', 'debit', 'interest repayment', '2016-11-02 14:54:52', '2016-11-02 14:54:52', 0),
(335, '2016-11-02', '1478110286', 12, 417, 'system', 'credit', 'interest repayment', '2016-11-02 15:01:26', '2016-11-02 15:01:26', 0),
(336, '2016-11-02', '1478110286', 1, 417, 'system', 'debit', 'interest repayment', '2016-11-02 15:01:27', '2016-11-02 15:01:27', 0),
(337, '2016-11-02', '1478110286', 12, 417, 'system', 'credit', 'interest repayment', '2016-11-02 15:04:26', '2016-11-02 15:04:26', 0),
(338, '2016-11-02', '1478110286', 1, 417, 'system', 'debit', 'interest repayment', '2016-11-02 15:04:26', '2016-11-02 15:04:26', 0),
(339, '2016-11-02', '1478110301', 12, 1500, 'system', 'credit', 'interest repayment', '2016-11-02 15:05:41', '2016-11-02 15:05:41', 0),
(340, '2016-11-02', '1478110301', 1, 1500, 'system', 'debit', 'interest repayment', '2016-11-02 15:05:41', '2016-11-02 15:05:41', 0),
(341, '2016-11-05', '1478110268', 12, 1500, 'system', 'credit', 'interest repayment', '2016-11-02 15:06:08', '2016-11-02 15:06:08', 0),
(342, '2016-11-05', '1478110268', 1, 1500, 'system', 'debit', 'interest repayment', '2016-11-02 15:06:08', '2016-11-02 15:06:08', 0),
(343, '2016-11-24', '1478110271', 12, 1500, 'system', 'credit', 'interest repayment', '2016-11-02 15:08:11', '2016-11-02 15:08:11', 0),
(344, '2016-11-24', '1478110271', 1, 1500, 'system', 'debit', 'interest repayment', '2016-11-02 15:08:11', '2016-11-02 15:08:11', 0),
(345, '2016-11-24', '1478110319', 12, 417, 'system', 'credit', 'interest repayment', '2016-11-02 15:18:59', '2016-11-02 15:18:59', 0),
(346, '2016-11-24', '1478110319', 1, 417, 'system', 'debit', 'interest repayment', '2016-11-02 15:18:59', '2016-11-02 15:18:59', 0),
(347, '2016-11-16', '1478110269', 12, 417, 'system', 'credit', 'interest repayment', '2016-11-02 15:22:09', '2016-11-02 15:22:09', 0),
(348, '2016-11-16', '1478110269', 1, 417, 'system', 'debit', 'interest repayment', '2016-11-02 15:22:09', '2016-11-02 15:22:09', 0),
(349, '2016-11-30', '1478110292', 12, 417, 'system', 'credit', 'interest repayment', '2016-11-02 15:23:32', '2016-11-02 15:23:32', 0),
(350, '2016-11-30', '1478110292', 1, 417, 'system', 'debit', 'interest repayment', '2016-11-02 15:23:32', '2016-11-02 15:23:32', 0),
(351, '2016-11-10', '1478110303', 12, 417, 'system', 'credit', 'interest repayment', '2016-11-02 15:26:43', '2016-11-02 15:26:43', 0),
(352, '2016-11-10', '1478110303', 1, 417, 'system', 'debit', 'interest repayment', '2016-11-02 15:26:43', '2016-11-02 15:26:43', 0),
(353, '2016-11-05', '1478110307', 12, 417, 'system', 'credit', 'interest repayment', '2016-11-02 15:29:47', '2016-11-02 15:29:47', 0),
(354, '2016-11-05', '1478110307', 1, 417, 'system', 'debit', 'interest repayment', '2016-11-02 15:29:47', '2016-11-02 15:29:47', 0),
(355, '2016-11-09', '1478110264', 12, 417, 'system', 'credit', 'interest repayment', '2016-11-02 15:32:04', '2016-11-02 15:32:04', 0),
(356, '2016-11-09', '1478110264', 1, 417, 'system', 'debit', 'interest repayment', '2016-11-02 15:32:04', '2016-11-02 15:32:04', 0),
(357, '2016-11-02', '1478110299', 12, 7000, 'system', 'credit', 'interest repayment', '2016-11-02 15:36:39', '2016-11-02 15:36:39', 0),
(358, '2016-11-02', '1478110299', 1, 7000, 'system', 'debit', 'interest repayment', '2016-11-02 15:36:39', '2016-11-02 15:36:39', 0),
(359, '2016-11-04', '1478110275', 12, 7000, 'system', 'credit', 'interest repayment', '2016-11-02 15:38:15', '2016-11-02 15:38:15', 0),
(360, '2016-11-04', '1478110275', 1, 7000, 'system', 'debit', 'interest repayment', '2016-11-02 15:38:15', '2016-11-02 15:38:15', 0),
(361, '2016-11-24', '1478110316', 12, 7000, 'system', 'credit', 'interest repayment', '2016-11-02 15:39:56', '2016-11-02 15:39:56', 0),
(362, '2016-11-24', '1478110316', 1, 7000, 'system', 'debit', 'interest repayment', '2016-11-02 15:39:57', '2016-11-02 15:39:57', 0),
(363, '2016-11-02', '1478110277', 1, 65000, 'system', 'credit', 'loan disbursement', '2016-11-02 15:50:17', '2016-11-02 15:50:17', 0),
(364, '2016-11-02', '1478110277', 3, 65000, 'system', 'debit', 'loan disbursement', '2016-11-02 15:50:17', '2016-11-02 15:50:17', 0),
(365, '2016-11-03', '1478110302', 12, 3640, 'system', 'credit', 'interest repayment', '2016-11-02 15:50:42', '2016-11-02 15:50:42', 0),
(366, '2016-11-03', '1478110302', 1, 3640, 'system', 'debit', 'interest repayment', '2016-11-02 15:50:43', '2016-11-02 15:50:43', 0),
(367, '2016-11-09', '1478113912', 12, 158, 'system', 'credit', 'interest repayment', '2016-11-02 16:08:52', '2016-11-02 16:08:52', 0),
(368, '2016-11-09', '1478113912', 1, 158, 'system', 'debit', 'interest repayment', '2016-11-02 16:08:52', '2016-11-02 16:08:52', 0),
(369, '2016-11-23', '1478113865', 12, 158, 'system', 'credit', 'interest repayment', '2016-11-02 16:09:05', '2016-11-02 16:09:05', 0),
(370, '2016-11-23', '1478113865', 1, 158, 'system', 'debit', 'interest repayment', '2016-11-02 16:09:05', '2016-11-02 16:09:05', 0),
(371, '2016-11-01', '1478113910', 12, 158, 'system', 'credit', 'interest repayment', '2016-11-02 16:11:50', '2016-11-02 16:11:50', 0),
(372, '2016-11-01', '1478113910', 1, 158, 'system', 'debit', 'interest repayment', '2016-11-02 16:11:50', '2016-11-02 16:11:50', 0),
(373, '2016-11-09', '1478113898', 12, 158, 'system', 'credit', 'interest repayment', '2016-11-02 16:12:38', '2016-11-02 16:12:38', 0),
(374, '2016-11-09', '1478113898', 1, 158, 'system', 'debit', 'interest repayment', '2016-11-02 16:12:38', '2016-11-02 16:12:38', 0),
(375, '2016-11-08', '1478113913', 15, 1800, 'system', 'credit', 'interest repayment', '2016-11-02 16:19:53', '2016-11-02 16:19:53', 0),
(376, '2016-11-08', '1478113913', 1, 1800, 'system', 'debit', 'interest repayment', '2016-11-02 16:19:53', '2016-11-02 16:19:53', 0),
(377, '2016-11-16', '1478113908', 15, 1800, 'system', 'credit', 'interest repayment', '2016-11-02 16:29:48', '2016-11-02 16:29:48', 0),
(378, '2016-11-16', '1478113908', 1, 1800, 'system', 'debit', 'interest repayment', '2016-11-02 16:29:48', '2016-11-02 16:29:48', 0),
(379, '2016-11-22', '1478113861', 15, 1800, 'system', 'credit', 'interest repayment', '2016-11-02 16:31:01', '2016-11-02 16:31:01', 0),
(380, '2016-11-22', '1478113861', 1, 1800, 'system', 'debit', 'interest repayment', '2016-11-02 16:31:01', '2016-11-02 16:31:01', 0),
(381, '2016-11-22', '1478113882', 15, 930, 'system', 'credit', 'interest repayment', '2016-11-02 16:32:23', '2016-11-02 16:32:23', 0),
(382, '2016-11-22', '1478113882', 1, 930, 'system', 'debit', 'interest repayment', '2016-11-02 16:32:23', '2016-11-02 16:32:23', 0);
INSERT INTO `x_journals` (`id`, `date`, `trans_no`, `account_id`, `amount`, `initiated_by`, `type`, `description`, `created_at`, `updated_at`, `void`) VALUES
(383, '2016-11-22', '1478113883', 4, 3570, 'system', 'credit', 'principal repayment', '2016-11-02 16:32:23', '2016-11-02 16:32:23', 0),
(384, '2016-11-22', '1478113883', 1, 3570, 'system', 'debit', 'principal repayment', '2016-11-02 16:32:23', '2016-11-02 16:32:23', 0),
(385, '2016-11-16', '1478113860', 15, 394, 'system', 'credit', 'interest repayment', '2016-11-02 16:33:00', '2016-11-02 16:33:00', 0),
(386, '2016-11-16', '1478113860', 1, 394, 'system', 'debit', 'interest repayment', '2016-11-02 16:33:00', '2016-11-02 16:33:00', 0),
(387, '2016-11-16', '1478113860', 4, 4105, 'system', 'credit', 'principal repayment', '2016-11-02 16:33:00', '2016-11-02 16:33:00', 0),
(388, '2016-11-16', '1478113860', 1, 4105, 'system', 'debit', 'principal repayment', '2016-11-02 16:33:00', '2016-11-02 16:33:00', 0),
(389, '2016-11-16', '1478113916', 15, 0, 'system', 'credit', 'interest repayment', '2016-11-02 16:33:56', '2016-11-02 16:33:56', 0),
(390, '2016-11-16', '1478113916', 1, 0, 'system', 'debit', 'interest repayment', '2016-11-02 16:33:56', '2016-11-02 16:33:56', 0),
(391, '2016-11-16', '1478113916', 4, 4500, 'system', 'credit', 'principal repayment', '2016-11-02 16:33:56', '2016-11-02 16:33:56', 0),
(392, '2016-11-16', '1478113916', 1, 4500, 'system', 'debit', 'principal repayment', '2016-11-02 16:33:56', '2016-11-02 16:33:56', 0),
(393, '2016-11-23', '1478113897', 12, 158, 'system', 'credit', 'interest repayment', '2016-11-02 16:37:37', '2016-11-02 16:37:37', 0),
(394, '2016-11-23', '1478113897', 1, 158, 'system', 'debit', 'interest repayment', '2016-11-02 16:37:37', '2016-11-02 16:37:37', 0),
(395, '2016-11-23', '1478113897', 3, 1101, 'system', 'credit', 'principal repayment', '2016-11-02 16:37:37', '2016-11-02 16:37:37', 0),
(396, '2016-11-23', '1478113897', 1, 1101, 'system', 'debit', 'principal repayment', '2016-11-02 16:37:37', '2016-11-02 16:37:37', 0),
(397, '2016-11-15', '1478157060', 15, 1800, 'system', 'credit', 'interest repayment', '2016-11-03 04:47:00', '2016-11-03 04:47:00', 0),
(398, '2016-11-15', '1478157060', 1, 1800, 'system', 'debit', 'interest repayment', '2016-11-03 04:47:00', '2016-11-03 04:47:00', 0),
(399, '2016-11-15', '1478157061', 4, 6000, 'system', 'credit', 'principal repayment', '2016-11-03 04:47:01', '2016-11-03 04:47:01', 0),
(400, '2016-11-15', '1478157061', 1, 6000, 'system', 'debit', 'principal repayment', '2016-11-03 04:47:01', '2016-11-03 04:47:01', 0),
(401, '2016-11-23', '1478157086', 15, 1350, 'system', 'credit', 'interest repayment', '2016-11-03 04:47:26', '2016-11-03 04:47:26', 0),
(402, '2016-11-23', '1478157086', 1, 1350, 'system', 'debit', 'interest repayment', '2016-11-03 04:47:26', '2016-11-03 04:47:26', 0),
(403, '2016-11-23', '1478157086', 4, 6450, 'system', 'credit', 'principal repayment', '2016-11-03 04:47:26', '2016-11-03 04:47:26', 0),
(404, '2016-11-23', '1478157086', 1, 6450, 'system', 'debit', 'principal repayment', '2016-11-03 04:47:26', '2016-11-03 04:47:26', 0),
(405, '2016-11-28', '1478157101', 15, 705, 'system', 'credit', 'interest repayment', '2016-11-03 04:48:41', '2016-11-03 04:48:41', 0),
(406, '2016-11-28', '1478157101', 1, 705, 'system', 'debit', 'interest repayment', '2016-11-03 04:48:41', '2016-11-03 04:48:41', 0),
(407, '2016-11-28', '1478157101', 4, 6295, 'system', 'credit', 'principal repayment', '2016-11-03 04:48:41', '2016-11-03 04:48:41', 0),
(408, '2016-11-28', '1478157101', 1, 6295, 'system', 'debit', 'principal repayment', '2016-11-03 04:48:41', '2016-11-03 04:48:41', 0),
(409, '2016-11-11', '1478848294', 1, 45000, 'system', 'credit', 'loan disbursement', '2016-11-11 04:10:34', '2016-11-11 04:10:34', 0),
(410, '2016-11-11', '1478848294', 3, 45000, 'system', 'debit', 'loan disbursement', '2016-11-11 04:10:34', '2016-11-11 04:10:34', 0),
(411, '2016-11-11', '1478848277', 12, 2250, 'system', 'credit', 'interest repayment', '2016-11-11 04:11:17', '2016-11-11 04:11:17', 0),
(412, '2016-11-11', '1478848277', 1, 2250, 'system', 'debit', 'interest repayment', '2016-11-11 04:11:17', '2016-11-11 04:11:17', 0),
(413, '2016-11-11', '1478848277', 3, 65750, 'system', 'credit', 'principal repayment', '2016-11-11 04:11:17', '2016-11-11 04:11:17', 0),
(414, '2016-11-11', '1478848277', 1, 65750, 'system', 'debit', 'principal repayment', '2016-11-11 04:11:17', '2016-11-11 04:11:17', 0),
(415, '2016-11-11', '1478848267', 15, 120, 'system', 'credit', 'interest repayment', '2016-11-11 04:16:07', '2016-11-11 04:16:07', 0),
(416, '2016-11-11', '1478848267', 1, 120, 'system', 'debit', 'interest repayment', '2016-11-11 04:16:07', '2016-11-11 04:16:07', 0),
(417, '2016-11-11', '1478848267', 4, 3380, 'system', 'credit', 'principal repayment', '2016-11-11 04:16:07', '2016-11-11 04:16:07', 0),
(418, '2016-11-11', '1478848267', 1, 3380, 'system', 'debit', 'principal repayment', '2016-11-11 04:16:07', '2016-11-11 04:16:07', 0),
(419, '2016-11-11', '1478941871', 15, 720, 'system', 'credit', 'interest repayment', '2016-11-12 06:43:11', '2016-11-12 06:43:11', 0),
(420, '2016-11-11', '1478941871', 1, 720, 'system', 'debit', 'interest repayment', '2016-11-12 06:43:11', '2016-11-12 06:43:11', 0),
(421, '2016-11-11', '1478941871', 4, 14280, 'system', 'credit', 'principal repayment', '2016-11-12 06:43:11', '2016-11-12 06:43:11', 0),
(422, '2016-11-11', '1478941871', 1, 14280, 'system', 'debit', 'principal repayment', '2016-11-12 06:43:11', '2016-11-12 06:43:11', 0),
(423, '2016-11-12', '1478956273', 15, 0, 'system', 'credit', 'interest repayment', '2016-11-12 10:03:13', '2016-11-12 10:03:13', 0),
(424, '2016-11-12', '1478956273', 1, 0, 'system', 'debit', 'interest repayment', '2016-11-12 10:03:13', '2016-11-12 10:03:13', 0),
(425, '2016-11-12', '1478956273', 4, 35000, 'system', 'credit', 'principal repayment', '2016-11-12 10:03:13', '2016-11-12 10:03:13', 0),
(426, '2016-11-12', '1478956273', 1, 35000, 'system', 'debit', 'principal repayment', '2016-11-12 10:03:13', '2016-11-12 10:03:13', 0),
(427, '2016-11-12', '1478963485', 3, 50000, 'system', 'credit', 'loan disbursement', '2016-11-12 12:32:25', '2016-11-12 12:32:25', 0),
(428, '2016-11-12', '1478963485', 3, 50000, 'system', 'debit', 'loan disbursement', '2016-11-12 12:32:25', '2016-11-12 12:32:25', 0),
(429, '2016-11-11', '1478963515', 12, 417, 'system', 'credit', 'interest repayment', '2016-11-12 12:33:55', '2016-11-12 12:33:55', 0),
(430, '2016-11-11', '1478963515', 3, 417, 'system', 'debit', 'interest repayment', '2016-11-12 12:33:55', '2016-11-12 12:33:55', 0),
(431, '2016-11-11', '1478963515', 3, 8333, 'system', 'credit', 'principal repayment', '2016-11-12 12:33:55', '2016-11-12 12:33:55', 0),
(432, '2016-11-11', '1478963515', 3, 8333, 'system', 'debit', 'principal repayment', '2016-11-12 12:33:55', '2016-11-12 12:33:55', 0),
(433, '2016-11-12', '1478963483', 12, 333, 'system', 'credit', 'interest repayment', '2016-11-12 12:34:23', '2016-11-12 12:34:23', 0),
(434, '2016-11-12', '1478963483', 3, 333, 'system', 'debit', 'interest repayment', '2016-11-12 12:34:23', '2016-11-12 12:34:23', 0),
(435, '2016-11-12', '1478963483', 3, 8334, 'system', 'credit', 'principal repayment', '2016-11-12 12:34:23', '2016-11-12 12:34:23', 0),
(436, '2016-11-12', '1478963483', 3, 8334, 'system', 'debit', 'principal repayment', '2016-11-12 12:34:23', '2016-11-12 12:34:23', 0),
(437, '2016-11-12', '1478963507', 12, 250, 'system', 'credit', 'interest repayment', '2016-11-12 12:34:47', '2016-11-12 12:34:47', 0),
(438, '2016-11-12', '1478963507', 3, 250, 'system', 'debit', 'interest repayment', '2016-11-12 12:34:47', '2016-11-12 12:34:47', 0),
(439, '2016-11-12', '1478963507', 3, 8335, 'system', 'credit', 'principal repayment', '2016-11-12 12:34:47', '2016-11-12 12:34:47', 0),
(440, '2016-11-12', '1478963507', 3, 8335, 'system', 'debit', 'principal repayment', '2016-11-12 12:34:47', '2016-11-12 12:34:47', 0),
(441, '2016-11-13', '1478963517', 12, 167, 'system', 'credit', 'interest repayment', '2016-11-12 12:36:57', '2016-11-12 12:36:57', 0),
(442, '2016-11-13', '1478963517', 3, 167, 'system', 'debit', 'interest repayment', '2016-11-12 12:36:57', '2016-11-12 12:36:57', 0),
(443, '2016-11-13', '1478963517', 3, 8333, 'system', 'credit', 'principal repayment', '2016-11-12 12:36:57', '2016-11-12 12:36:57', 0),
(444, '2016-11-13', '1478963517', 3, 8333, 'system', 'debit', 'principal repayment', '2016-11-12 12:36:57', '2016-11-12 12:36:57', 0),
(445, '2016-11-13', '1479028278', 12, 83, 'system', 'credit', 'interest repayment', '2016-11-13 06:41:18', '2016-11-13 06:41:18', 0),
(446, '2016-11-13', '1479028278', 3, 83, 'system', 'debit', 'interest repayment', '2016-11-13 06:41:18', '2016-11-13 06:41:18', 0),
(447, '2016-11-13', '1479028278', 3, 8337, 'system', 'credit', 'principal repayment', '2016-11-13 06:41:18', '2016-11-13 06:41:18', 0),
(448, '2016-11-13', '1479028278', 3, 8337, 'system', 'debit', 'principal repayment', '2016-11-13 06:41:18', '2016-11-13 06:41:18', 0),
(449, '2016-11-13', '1479028309', 12, 0, 'system', 'credit', 'interest repayment', '2016-11-13 06:41:49', '2016-11-13 06:41:49', 0),
(450, '2016-11-13', '1479028309', 3, 0, 'system', 'debit', 'interest repayment', '2016-11-13 06:41:50', '2016-11-13 06:41:50', 0),
(451, '2016-11-13', '1479028310', 3, 8440, 'system', 'credit', 'principal repayment', '2016-11-13 06:41:50', '2016-11-13 06:41:50', 0),
(452, '2016-11-13', '1479028310', 3, 8440, 'system', 'debit', 'principal repayment', '2016-11-13 06:41:50', '2016-11-13 06:41:50', 0),
(453, '2016-11-13', '1479031862', 12, 1500, 'system', 'credit', 'interest repayment', '2016-11-13 07:41:02', '2016-11-13 07:41:02', 0),
(454, '2016-11-13', '1479031862', 1, 1500, 'system', 'debit', 'interest repayment', '2016-11-13 07:41:02', '2016-11-13 07:41:02', 0),
(455, '2016-11-13', '1479031862', 3, 33500, 'system', 'credit', 'principal repayment', '2016-11-13 07:41:02', '2016-11-13 07:41:02', 0),
(456, '2016-11-13', '1479031862', 1, 33500, 'system', 'debit', 'principal repayment', '2016-11-13 07:41:02', '2016-11-13 07:41:02', 0),
(457, '2016-11-13', '1479031868', 15, 0, 'system', 'credit', 'interest repayment', '2016-11-13 07:46:08', '2016-11-13 07:46:08', 0),
(458, '2016-11-13', '1479031868', 1, 0, 'system', 'debit', 'interest repayment', '2016-11-13 07:46:09', '2016-11-13 07:46:09', 0),
(459, '2016-11-13', '1479031869', 4, 10776, 'system', 'credit', 'principal repayment', '2016-11-13 07:46:09', '2016-11-13 07:46:09', 0),
(460, '2016-11-13', '1479031869', 1, 10776, 'system', 'debit', 'principal repayment', '2016-11-13 07:46:09', '2016-11-13 07:46:09', 0),
(461, '2016-11-13', '1479035467', 15, 0, 'system', 'credit', 'interest repayment', '2016-11-13 08:06:07', '2016-11-13 08:06:07', 0),
(462, '2016-11-13', '1479035467', 1, 0, 'system', 'debit', 'interest repayment', '2016-11-13 08:06:07', '2016-11-13 08:06:07', 0),
(463, '2016-11-13', '1479035468', 4, 480, 'system', 'credit', 'principal repayment', '2016-11-13 08:06:08', '2016-11-13 08:06:08', 0),
(464, '2016-11-13', '1479035468', 1, 480, 'system', 'debit', 'principal repayment', '2016-11-13 08:06:08', '2016-11-13 08:06:08', 0),
(465, '2016-11-25', '1479039118', 12, 147, 'system', 'credit', 'interest repayment', '2016-11-13 09:47:58', '2016-11-13 09:47:58', 0),
(466, '2016-11-25', '1479039118', 1, 147, 'system', 'debit', 'interest repayment', '2016-11-13 09:47:58', '2016-11-13 09:47:58', 0),
(467, '2016-11-25', '1479039118', 3, 39853, 'system', 'credit', 'principal repayment', '2016-11-13 09:47:58', '2016-11-13 09:47:58', 0),
(468, '2016-11-25', '1479039118', 1, 39853, 'system', 'debit', 'principal repayment', '2016-11-13 09:47:58', '2016-11-13 09:47:58', 0),
(469, '2016-11-14', '1479121913', 12, 7000, 'system', 'credit', 'interest repayment', '2016-11-14 08:28:53', '2016-11-14 08:28:53', 0),
(470, '2016-11-14', '1479121913', 1, 7000, 'system', 'debit', 'interest repayment', '2016-11-14 08:28:53', '2016-11-14 08:28:53', 0),
(471, '2016-11-14', '1479121913', 3, 190500, 'system', 'credit', 'principal repayment', '2016-11-14 08:28:53', '2016-11-14 08:28:53', 0),
(472, '2016-11-14', '1479121913', 1, 190500, 'system', 'debit', 'principal repayment', '2016-11-14 08:28:53', '2016-11-14 08:28:53', 0),
(473, '0000-00-00', '1479121904', 12, -510, 'system', 'credit', 'interest repayment', '2016-11-14 08:47:44', '2016-11-14 08:47:44', 0),
(474, '0000-00-00', '1479121904', 1, -510, 'system', 'debit', 'interest repayment', '2016-11-14 08:47:44', '2016-11-14 08:47:44', 0),
(475, '0000-00-00', '1479121904', 3, 510, 'system', 'credit', 'principal repayment', '2016-11-14 08:47:44', '2016-11-14 08:47:44', 0),
(476, '0000-00-00', '1479121904', 1, 510, 'system', 'debit', 'principal repayment', '2016-11-14 08:47:44', '2016-11-14 08:47:44', 0),
(477, '2016-11-14', '1479121884', 12, 541, 'system', 'credit', 'interest repayment', '2016-11-14 08:49:24', '2016-11-14 08:49:24', 0),
(478, '2016-11-14', '1479121884', 1, 541, 'system', 'debit', 'interest repayment', '2016-11-14 08:49:24', '2016-11-14 08:49:24', 0),
(479, '2016-11-14', '1479121884', 3, 1, 'system', 'credit', 'principal repayment', '2016-11-14 08:49:24', '2016-11-14 08:49:24', 0),
(480, '2016-11-14', '1479121884', 1, 1, 'system', 'debit', 'principal repayment', '2016-11-14 08:49:24', '2016-11-14 08:49:24', 0),
(481, '2016-11-25', '1479121867', 12, 270, 'system', 'credit', 'interest repayment', '2016-11-14 08:50:07', '2016-11-14 08:50:07', 0),
(482, '2016-11-25', '1479121867', 1, 270, 'system', 'debit', 'interest repayment', '2016-11-14 08:50:07', '2016-11-14 08:50:07', 0),
(483, '2016-11-25', '1479121867', 3, 3010, 'system', 'credit', 'principal repayment', '2016-11-14 08:50:07', '2016-11-14 08:50:07', 0),
(484, '2016-11-25', '1479121867', 1, 3010, 'system', 'debit', 'principal repayment', '2016-11-14 08:50:07', '2016-11-14 08:50:07', 0),
(485, '2016-11-15', '1479121899', 12, 208, 'system', 'credit', 'interest repayment', '2016-11-14 08:54:39', '2016-11-14 08:54:39', 0),
(486, '2016-11-15', '1479121899', 1, 208, 'system', 'debit', 'interest repayment', '2016-11-14 08:54:39', '2016-11-14 08:54:39', 0),
(487, '2016-11-15', '1479121899', 3, 100214, 'system', 'credit', 'principal repayment', '2016-11-14 08:54:39', '2016-11-14 08:54:39', 0),
(488, '2016-11-15', '1479121899', 1, 100214, 'system', 'debit', 'principal repayment', '2016-11-14 08:54:39', '2016-11-14 08:54:39', 0),
(489, '2016-11-14', '1479132670', 3, 50000, 'system', 'credit', 'loan disbursement', '2016-11-14 11:17:10', '2016-11-14 11:17:10', 0),
(490, '2016-11-14', '1479132670', 3, 50000, 'system', 'debit', 'loan disbursement', '2016-11-14 11:17:11', '2016-11-14 11:17:11', 0),
(491, '2016-11-13', '1479147079', 12, 69, 'system', 'credit', 'interest repayment', '2016-11-14 15:43:19', '2016-11-14 15:43:19', 0),
(492, '2016-11-13', '1479147079', 3, 69, 'system', 'debit', 'interest repayment', '2016-11-14 15:43:19', '2016-11-14 15:43:19', 0),
(493, '2016-11-13', '1479147079', 3, 8334, 'system', 'credit', 'principal repayment', '2016-11-14 15:43:19', '2016-11-14 15:43:19', 0),
(494, '2016-11-13', '1479147079', 3, 8334, 'system', 'debit', 'principal repayment', '2016-11-14 15:43:19', '2016-11-14 15:43:19', 0),
(495, '2016-11-14', '1479147095', 12, 67, 'system', 'credit', 'interest repayment', '2016-11-14 15:43:35', '2016-11-14 15:43:35', 0),
(496, '2016-11-14', '1479147095', 3, 67, 'system', 'debit', 'interest repayment', '2016-11-14 15:43:35', '2016-11-14 15:43:35', 0),
(497, '2016-11-14', '1479147095', 3, 8333, 'system', 'credit', 'principal repayment', '2016-11-14 15:43:35', '2016-11-14 15:43:35', 0),
(498, '2016-11-14', '1479147095', 3, 8333, 'system', 'debit', 'principal repayment', '2016-11-14 15:43:35', '2016-11-14 15:43:35', 0),
(499, '2016-11-15', '1479147116', 12, 62, 'system', 'credit', 'interest repayment', '2016-11-14 15:43:56', '2016-11-14 15:43:56', 0),
(500, '2016-11-15', '1479147116', 3, 62, 'system', 'debit', 'interest repayment', '2016-11-14 15:43:56', '2016-11-14 15:43:56', 0),
(501, '2016-11-15', '1479147117', 3, 8338, 'system', 'credit', 'principal repayment', '2016-11-14 15:43:57', '2016-11-14 15:43:57', 0),
(502, '2016-11-15', '1479147117', 3, 8338, 'system', 'debit', 'principal repayment', '2016-11-14 15:43:57', '2016-11-14 15:43:57', 0),
(503, '2016-11-16', '1479147071', 12, 56, 'system', 'credit', 'interest repayment', '2016-11-14 15:44:11', '2016-11-14 15:44:11', 0),
(504, '2016-11-16', '1479147071', 3, 56, 'system', 'debit', 'interest repayment', '2016-11-14 15:44:11', '2016-11-14 15:44:11', 0),
(505, '2016-11-16', '1479147071', 3, 8334, 'system', 'credit', 'principal repayment', '2016-11-14 15:44:11', '2016-11-14 15:44:11', 0),
(506, '2016-11-16', '1479147071', 3, 8334, 'system', 'debit', 'principal repayment', '2016-11-14 15:44:11', '2016-11-14 15:44:11', 0),
(507, '2016-11-17', '1479147087', 12, 42, 'system', 'credit', 'interest repayment', '2016-11-14 15:44:27', '2016-11-14 15:44:27', 0),
(508, '2016-11-17', '1479147087', 3, 42, 'system', 'debit', 'interest repayment', '2016-11-14 15:44:27', '2016-11-14 15:44:27', 0),
(509, '2016-11-17', '1479147087', 3, 8338, 'system', 'credit', 'principal repayment', '2016-11-14 15:44:27', '2016-11-14 15:44:27', 0),
(510, '2016-11-17', '1479147087', 3, 8338, 'system', 'debit', 'principal repayment', '2016-11-14 15:44:27', '2016-11-14 15:44:27', 0),
(511, '2016-11-18', '1479147105', 12, 0, 'system', 'credit', 'interest repayment', '2016-11-14 15:44:45', '2016-11-14 15:44:45', 0),
(512, '2016-11-18', '1479147105', 3, 0, 'system', 'debit', 'interest repayment', '2016-11-14 15:44:45', '2016-11-14 15:44:45', 0),
(513, '2016-11-18', '1479147105', 3, 8330, 'system', 'credit', 'principal repayment', '2016-11-14 15:44:45', '2016-11-14 15:44:45', 0),
(514, '2016-11-18', '1479147105', 3, 8330, 'system', 'debit', 'principal repayment', '2016-11-14 15:44:45', '2016-11-14 15:44:45', 0),
(515, '2016-11-14', '1479147096', 1, 25000, 'system', 'credit', 'loan disbursement', '2016-11-14 15:54:36', '2016-11-14 15:54:36', 0),
(516, '2016-11-14', '1479147096', 3, 25000, 'system', 'debit', 'loan disbursement', '2016-11-14 15:54:36', '2016-11-14 15:54:36', 0),
(517, '2016-11-11', '1479150689', 15, 0, 'system', 'credit', 'interest repayment', '2016-11-14 16:11:29', '2016-11-14 16:11:29', 0),
(518, '2016-11-11', '1479150689', 1, 0, 'system', 'debit', 'interest repayment', '2016-11-14 16:11:29', '2016-11-14 16:11:29', 0),
(519, '2016-11-11', '1479150689', 4, 5144, 'system', 'credit', 'principal repayment', '2016-11-14 16:11:29', '2016-11-14 16:11:29', 0),
(520, '2016-11-11', '1479150689', 1, 5144, 'system', 'debit', 'principal repayment', '2016-11-14 16:11:29', '2016-11-14 16:11:29', 0),
(521, '2016-11-15', '1479204675', 3, 56000, 'system', 'credit', 'loan disbursement', '2016-11-15 07:32:15', '2016-11-15 07:32:15', 0),
(522, '2016-11-15', '1479204675', 3, 56000, 'system', 'debit', 'loan disbursement', '2016-11-15 07:32:15', '2016-11-15 07:32:15', 0),
(523, '2016-11-15', '1479208267', 3, 56000, 'system', 'credit', 'principal repayment', '2016-11-15 08:56:07', '2016-11-15 08:56:07', 0),
(524, '2016-11-15', '1479208267', 3, 56000, 'system', 'debit', 'principal repayment', '2016-11-15 08:56:07', '2016-11-15 08:56:07', 0),
(525, '2016-11-15', '1479208267', 12, 560, 'system', 'credit', 'interest repayment', '2016-11-15 08:56:07', '2016-11-15 08:56:07', 0),
(526, '2016-11-15', '1479208267', 3, 560, 'system', 'debit', 'interest repayment', '2016-11-15 08:56:07', '2016-11-15 08:56:07', 0),
(527, '2016-11-15', '1479215488', 3, 20000, 'system', 'credit', 'loan disbursement', '2016-11-15 10:17:28', '2016-11-15 10:17:28', 0),
(528, '2016-11-15', '1479215488', 3, 20000, 'system', 'debit', 'loan disbursement', '2016-11-15 10:17:29', '2016-11-15 10:17:29', 0),
(529, '2016-11-15', '1479244268', 1, 65000, 'system', 'credit', 'loan disbursement', '2016-11-15 18:07:08', '2016-11-15 18:07:08', 0),
(530, '2016-11-15', '1479244268', 3, 65000, 'system', 'debit', 'loan disbursement', '2016-11-15 18:07:08', '2016-11-15 18:07:08', 0),
(531, '2016-11-17', '1479244261', 12, 3250, 'system', 'credit', 'interest repayment', '2016-11-15 18:10:01', '2016-11-15 18:10:01', 0),
(532, '2016-11-17', '1479244261', 1, 3250, 'system', 'debit', 'interest repayment', '2016-11-15 18:10:01', '2016-11-15 18:10:01', 0),
(533, '2016-11-17', '1479244261', 3, 77062, 'system', 'credit', 'principal repayment', '2016-11-15 18:10:01', '2016-11-15 18:10:01', 0),
(534, '2016-11-17', '1479244261', 1, 77062, 'system', 'debit', 'principal repayment', '2016-11-15 18:10:01', '2016-11-15 18:10:01', 0),
(535, '2016-11-11', '1479244308', 12, -84, 'system', 'credit', 'interest repayment', '2016-11-15 18:31:48', '2016-11-15 18:31:48', 0),
(536, '2016-11-11', '1479244308', 3, -84, 'system', 'debit', 'interest repayment', '2016-11-15 18:31:48', '2016-11-15 18:31:48', 0),
(537, '2016-11-11', '1479244308', 3, 489, 'system', 'credit', 'principal repayment', '2016-11-15 18:31:48', '2016-11-15 18:31:48', 0),
(538, '2016-11-11', '1479244308', 3, 489, 'system', 'debit', 'principal repayment', '2016-11-15 18:31:48', '2016-11-15 18:31:48', 0),
(539, '2016-11-18', '1479244305', 3, 33000, 'system', 'credit', 'loan disbursement', '2016-11-15 18:39:45', '2016-11-15 18:39:45', 0),
(540, '2016-11-18', '1479244305', 3, 33000, 'system', 'debit', 'loan disbursement', '2016-11-15 18:39:45', '2016-11-15 18:39:45', 0),
(541, '2016-11-19', '1479244284', 12, 275, 'system', 'credit', 'interest repayment', '2016-11-15 18:40:24', '2016-11-15 18:40:24', 0),
(542, '2016-11-19', '1479244284', 3, 275, 'system', 'debit', 'interest repayment', '2016-11-15 18:40:24', '2016-11-15 18:40:24', 0),
(543, '2016-11-19', '1479244284', 3, 34725, 'system', 'credit', 'principal repayment', '2016-11-15 18:40:24', '2016-11-15 18:40:24', 0),
(544, '2016-11-19', '1479244284', 3, 34725, 'system', 'debit', 'principal repayment', '2016-11-15 18:40:24', '2016-11-15 18:40:24', 0),
(545, '2016-11-16', '1479244306', 3, 50000, 'system', 'credit', 'loan disbursement', '2016-11-15 18:59:46', '2016-11-15 18:59:46', 0),
(546, '2016-11-16', '1479244306', 3, 50000, 'system', 'debit', 'loan disbursement', '2016-11-15 18:59:46', '2016-11-15 18:59:46', 0),
(547, '2016-11-18', '1479247862', 12, 417, 'system', 'credit', 'interest repayment', '2016-11-15 19:01:02', '2016-11-15 19:01:02', 0),
(548, '2016-11-18', '1479247862', 3, 417, 'system', 'debit', 'interest repayment', '2016-11-15 19:01:02', '2016-11-15 19:01:02', 0),
(549, '2016-11-18', '1479247863', 3, 52349, 'system', 'credit', 'principal repayment', '2016-11-15 19:01:03', '2016-11-15 19:01:03', 0),
(550, '2016-11-18', '1479247863', 3, 52349, 'system', 'debit', 'principal repayment', '2016-11-15 19:01:03', '2016-11-15 19:01:03', 0),
(551, '2016-11-16', '1479319880', 3, 50000, 'system', 'credit', 'loan disbursement', '2016-11-16 15:10:20', '2016-11-16 15:10:20', 0),
(552, '2016-11-16', '1479319880', 3, 50000, 'system', 'debit', 'loan disbursement', '2016-11-16 15:10:20', '2016-11-16 15:10:20', 0),
(553, '2016-11-16', '1479323481', 3, 50000, 'system', 'credit', 'principal repayment', '2016-11-16 16:34:21', '2016-11-16 16:34:21', 0),
(554, '2016-11-16', '1479323481', 3, 50000, 'system', 'debit', 'principal repayment', '2016-11-16 16:34:21', '2016-11-16 16:34:21', 0),
(555, '2016-11-16', '1479323481', 12, 1765, 'system', 'credit', 'interest repayment', '2016-11-16 16:34:21', '2016-11-16 16:34:21', 0),
(556, '2016-11-16', '1479323481', 3, 1765, 'system', 'debit', 'interest repayment', '2016-11-16 16:34:22', '2016-11-16 16:34:22', 0),
(557, '2016-11-18', '1479366708', 3, 50000, 'system', 'credit', 'loan disbursement', '2016-11-17 04:33:48', '2016-11-17 04:33:48', 0),
(558, '2016-11-18', '1479366708', 3, 50000, 'system', 'debit', 'loan disbursement', '2016-11-17 04:33:48', '2016-11-17 04:33:48', 0),
(559, '2016-11-19', '1479366696', 12, 518, 'system', 'credit', 'interest repayment', '2016-11-17 04:39:36', '2016-11-17 04:39:36', 0),
(560, '2016-11-19', '1479366696', 3, 518, 'system', 'debit', 'interest repayment', '2016-11-17 04:39:36', '2016-11-17 04:39:36', 0),
(561, '2016-11-19', '1479366696', 3, 8333, 'system', 'credit', 'principal repayment', '2016-11-17 04:39:36', '2016-11-17 04:39:36', 0),
(562, '2016-11-19', '1479366696', 3, 8333, 'system', 'debit', 'principal repayment', '2016-11-17 04:39:36', '2016-11-17 04:39:36', 0),
(563, '2016-11-19', '1479366663', 12, 515, 'system', 'credit', 'interest repayment', '2016-11-17 04:40:03', '2016-11-17 04:40:03', 0),
(564, '2016-11-19', '1479366663', 3, 515, 'system', 'debit', 'interest repayment', '2016-11-17 04:40:03', '2016-11-17 04:40:03', 0),
(565, '2016-11-19', '1479366663', 3, 8333, 'system', 'credit', 'principal repayment', '2016-11-17 04:40:03', '2016-11-17 04:40:03', 0),
(566, '2016-11-19', '1479366663', 3, 8333, 'system', 'debit', 'principal repayment', '2016-11-17 04:40:03', '2016-11-17 04:40:03', 0),
(567, '2016-11-18', '1479366686', 12, 512, 'system', 'credit', 'interest repayment', '2016-11-17 04:40:26', '2016-11-17 04:40:26', 0),
(568, '2016-11-18', '1479366686', 3, 512, 'system', 'debit', 'interest repayment', '2016-11-17 04:40:26', '2016-11-17 04:40:26', 0),
(569, '2016-11-18', '1479366686', 3, 8333, 'system', 'credit', 'principal repayment', '2016-11-17 04:40:26', '2016-11-17 04:40:26', 0),
(570, '2016-11-18', '1479366686', 3, 8333, 'system', 'debit', 'principal repayment', '2016-11-17 04:40:27', '2016-11-17 04:40:27', 0),
(571, '2016-11-19', '1479366711', 12, 509, 'system', 'credit', 'interest repayment', '2016-11-17 04:40:51', '2016-11-17 04:40:51', 0),
(572, '2016-11-19', '1479366711', 3, 509, 'system', 'debit', 'interest repayment', '2016-11-17 04:40:51', '2016-11-17 04:40:51', 0),
(573, '2016-11-19', '1479366711', 3, 8333, 'system', 'credit', 'principal repayment', '2016-11-17 04:40:51', '2016-11-17 04:40:51', 0),
(574, '2016-11-19', '1479366711', 3, 8333, 'system', 'debit', 'principal repayment', '2016-11-17 04:40:52', '2016-11-17 04:40:52', 0),
(575, '2016-11-19', '1479366673', 12, 506, 'system', 'credit', 'interest repayment', '2016-11-17 04:41:13', '2016-11-17 04:41:13', 0),
(576, '2016-11-19', '1479366673', 3, 506, 'system', 'debit', 'interest repayment', '2016-11-17 04:41:13', '2016-11-17 04:41:13', 0),
(577, '2016-11-19', '1479366673', 3, 8333, 'system', 'credit', 'principal repayment', '2016-11-17 04:41:13', '2016-11-17 04:41:13', 0),
(578, '2016-11-19', '1479366673', 3, 8333, 'system', 'debit', 'principal repayment', '2016-11-17 04:41:13', '2016-11-17 04:41:13', 0),
(579, '2016-11-19', '1479366694', 12, 503, 'system', 'credit', 'interest repayment', '2016-11-17 04:41:34', '2016-11-17 04:41:34', 0),
(580, '2016-11-19', '1479366694', 3, 503, 'system', 'debit', 'interest repayment', '2016-11-17 04:41:34', '2016-11-17 04:41:34', 0),
(581, '2016-11-19', '1479366694', 3, 8333, 'system', 'credit', 'principal repayment', '2016-11-17 04:41:34', '2016-11-17 04:41:34', 0),
(582, '2016-11-19', '1479366694', 3, 8333, 'system', 'debit', 'principal repayment', '2016-11-17 04:41:34', '2016-11-17 04:41:34', 0),
(583, '2016-11-19', '1479546671', 3, 50000, 'system', 'credit', 'loan disbursement', '2016-11-19 06:17:11', '2016-11-19 06:17:11', 0),
(584, '2016-11-19', '1479546671', 3, 50000, 'system', 'debit', 'loan disbursement', '2016-11-19 06:17:11', '2016-11-19 06:17:11', 0),
(585, '2016-11-19', '1479546710', 12, 414, 'system', 'credit', 'interest repayment', '2016-11-19 06:17:50', '2016-11-19 06:17:50', 0),
(586, '2016-11-19', '1479546710', 3, 414, 'system', 'debit', 'interest repayment', '2016-11-19 06:17:50', '2016-11-19 06:17:50', 0),
(587, '2016-11-19', '1479546710', 3, 8336, 'system', 'credit', 'principal repayment', '2016-11-19 06:17:50', '2016-11-19 06:17:50', 0),
(588, '2016-11-19', '1479546710', 3, 8336, 'system', 'debit', 'principal repayment', '2016-11-19 06:17:50', '2016-11-19 06:17:50', 0),
(589, '2016-11-20', '1479546665', 12, 331, 'system', 'credit', 'interest repayment', '2016-11-19 06:18:05', '2016-11-19 06:18:05', 0),
(590, '2016-11-20', '1479546665', 3, 331, 'system', 'debit', 'interest repayment', '2016-11-19 06:18:06', '2016-11-19 06:18:06', 0),
(591, '2016-11-20', '1479546666', 3, 8334, 'system', 'credit', 'principal repayment', '2016-11-19 06:18:06', '2016-11-19 06:18:06', 0),
(592, '2016-11-20', '1479546666', 3, 8334, 'system', 'debit', 'principal repayment', '2016-11-19 06:18:06', '2016-11-19 06:18:06', 0),
(593, '2016-11-21', '1479546682', 12, 248, 'system', 'credit', 'interest repayment', '2016-11-19 06:18:22', '2016-11-19 06:18:22', 0),
(594, '2016-11-21', '1479546682', 3, 248, 'system', 'debit', 'interest repayment', '2016-11-19 06:18:22', '2016-11-19 06:18:22', 0),
(595, '2016-11-21', '1479546682', 3, 8337, 'system', 'credit', 'principal repayment', '2016-11-19 06:18:22', '2016-11-19 06:18:22', 0),
(596, '2016-11-21', '1479546682', 3, 8337, 'system', 'debit', 'principal repayment', '2016-11-19 06:18:22', '2016-11-19 06:18:22', 0),
(597, '2016-11-22', '1479546697', 12, 165, 'system', 'credit', 'interest repayment', '2016-11-19 06:18:37', '2016-11-19 06:18:37', 0),
(598, '2016-11-22', '1479546697', 3, 165, 'system', 'debit', 'interest repayment', '2016-11-19 06:18:37', '2016-11-19 06:18:37', 0),
(599, '2016-11-22', '1479546697', 3, 8335, 'system', 'credit', 'principal repayment', '2016-11-19 06:18:37', '2016-11-19 06:18:37', 0),
(600, '2016-11-22', '1479546697', 3, 8335, 'system', 'debit', 'principal repayment', '2016-11-19 06:18:37', '2016-11-19 06:18:37', 0),
(601, '2016-11-24', '1479546712', 12, 82, 'system', 'credit', 'interest repayment', '2016-11-19 06:18:52', '2016-11-19 06:18:52', 0),
(602, '2016-11-24', '1479546712', 3, 82, 'system', 'debit', 'interest repayment', '2016-11-19 06:18:52', '2016-11-19 06:18:52', 0),
(603, '2016-11-24', '1479546712', 3, 8333, 'system', 'credit', 'principal repayment', '2016-11-19 06:18:52', '2016-11-19 06:18:52', 0),
(604, '2016-11-24', '1479546712', 3, 8333, 'system', 'debit', 'principal repayment', '2016-11-19 06:18:52', '2016-11-19 06:18:52', 0),
(605, '2016-11-25', '1479546667', 12, -1, 'system', 'credit', 'interest repayment', '2016-11-19 06:19:07', '2016-11-19 06:19:07', 0),
(606, '2016-11-25', '1479546667', 3, -1, 'system', 'debit', 'interest repayment', '2016-11-19 06:19:07', '2016-11-19 06:19:07', 0),
(607, '2016-11-25', '1479546667', 3, 8331, 'system', 'credit', 'principal repayment', '2016-11-19 06:19:07', '2016-11-19 06:19:07', 0),
(608, '2016-11-25', '1479546667', 3, 8331, 'system', 'debit', 'principal repayment', '2016-11-19 06:19:07', '2016-11-19 06:19:07', 0),
(609, '2016-11-27', '1479546691', 12, -83, 'system', 'credit', 'interest repayment', '2016-11-19 06:19:31', '2016-11-19 06:19:31', 0),
(610, '2016-11-27', '1479546691', 3, -83, 'system', 'debit', 'interest repayment', '2016-11-19 06:19:31', '2016-11-19 06:19:31', 0),
(611, '2016-11-27', '1479546691', 3, 608, 'system', 'credit', 'principal repayment', '2016-11-19 06:19:31', '2016-11-19 06:19:31', 0),
(612, '2016-11-27', '1479546691', 3, 608, 'system', 'debit', 'principal repayment', '2016-11-19 06:19:31', '2016-11-19 06:19:31', 0),
(613, '2016-11-19', '1479546692', 2, 60000, 'system', 'credit', 'loan disbursement', '2016-11-19 06:31:33', '2016-11-19 06:31:33', 0),
(614, '2016-11-19', '1479546692', 1, 60000, 'system', 'debit', 'loan disbursement', '2016-11-19 06:31:33', '2016-11-19 06:31:33', 0),
(615, '2016-11-21', '1479546670', 15, 3600, 'system', 'credit', 'interest repayment', '2016-11-19 06:32:10', '2016-11-19 06:32:10', 0),
(616, '2016-11-21', '1479546670', 2, 3600, 'system', 'debit', 'interest repayment', '2016-11-19 06:32:10', '2016-11-19 06:32:10', 0),
(617, '2016-11-21', '1479546670', 1, 10000, 'system', 'credit', 'principal repayment', '2016-11-19 06:32:10', '2016-11-19 06:32:10', 0),
(618, '2016-11-21', '1479546670', 2, 10000, 'system', 'debit', 'principal repayment', '2016-11-19 06:32:11', '2016-11-19 06:32:11', 0),
(619, '2016-11-22', '1479546694', 15, 2880, 'system', 'credit', 'interest repayment', '2016-11-19 06:32:34', '2016-11-19 06:32:34', 0),
(620, '2016-11-22', '1479546694', 2, 2880, 'system', 'debit', 'interest repayment', '2016-11-19 06:32:34', '2016-11-19 06:32:34', 0),
(621, '2016-11-22', '1479546695', 1, 10000, 'system', 'credit', 'principal repayment', '2016-11-19 06:32:35', '2016-11-19 06:32:35', 0),
(622, '2016-11-22', '1479546695', 2, 10000, 'system', 'debit', 'principal repayment', '2016-11-19 06:32:35', '2016-11-19 06:32:35', 0),
(623, '2016-11-23', '1479546707', 15, 1980, 'system', 'credit', 'interest repayment', '2016-11-19 06:32:47', '2016-11-19 06:32:47', 0),
(624, '2016-11-23', '1479546707', 2, 1980, 'system', 'debit', 'interest repayment', '2016-11-19 06:32:48', '2016-11-19 06:32:48', 0),
(625, '2016-11-23', '1479546708', 1, 10000, 'system', 'credit', 'principal repayment', '2016-11-19 06:32:48', '2016-11-19 06:32:48', 0),
(626, '2016-11-23', '1479546708', 2, 10000, 'system', 'debit', 'principal repayment', '2016-11-19 06:32:48', '2016-11-19 06:32:48', 0),
(627, '2016-11-26', '1479546664', 15, 780, 'system', 'credit', 'interest repayment', '2016-11-19 06:33:04', '2016-11-19 06:33:04', 0),
(628, '2016-11-26', '1479546664', 2, 780, 'system', 'debit', 'interest repayment', '2016-11-19 06:33:04', '2016-11-19 06:33:04', 0),
(629, '2016-11-26', '1479546664', 1, 10000, 'system', 'credit', 'principal repayment', '2016-11-19 06:33:04', '2016-11-19 06:33:04', 0),
(630, '2016-11-26', '1479546664', 2, 10000, 'system', 'debit', 'principal repayment', '2016-11-19 06:33:04', '2016-11-19 06:33:04', 0),
(631, '2016-11-27', '1479546681', 15, 0, 'system', 'credit', 'interest repayment', '2016-11-19 06:33:21', '2016-11-19 06:33:21', 0),
(632, '2016-11-27', '1479546681', 2, 0, 'system', 'debit', 'interest repayment', '2016-11-19 06:33:21', '2016-11-19 06:33:21', 0),
(633, '2016-11-27', '1479546681', 1, 10000, 'system', 'credit', 'principal repayment', '2016-11-19 06:33:21', '2016-11-19 06:33:21', 0),
(634, '2016-11-27', '1479546681', 2, 10000, 'system', 'debit', 'principal repayment', '2016-11-19 06:33:22', '2016-11-19 06:33:22', 0),
(635, '2016-11-28', '1479546699', 15, 0, 'system', 'credit', 'interest repayment', '2016-11-19 06:33:39', '2016-11-19 06:33:39', 0),
(636, '2016-11-28', '1479546699', 2, 0, 'system', 'debit', 'interest repayment', '2016-11-19 06:33:39', '2016-11-19 06:33:39', 0),
(637, '2016-11-28', '1479546699', 1, 10000, 'system', 'credit', 'principal repayment', '2016-11-19 06:33:39', '2016-11-19 06:33:39', 0),
(638, '2016-11-28', '1479546699', 2, 10000, 'system', 'debit', 'principal repayment', '2016-11-19 06:33:39', '2016-11-19 06:33:39', 0),
(639, '2016-11-29', '1479546666', 15, 0, 'system', 'credit', 'interest repayment', '2016-11-19 06:34:06', '2016-11-19 06:34:06', 0),
(640, '2016-11-29', '1479546666', 2, 0, 'system', 'debit', 'interest repayment', '2016-11-19 06:34:06', '2016-11-19 06:34:06', 0),
(641, '2016-11-29', '1479546666', 1, 12360, 'system', 'credit', 'principal repayment', '2016-11-19 06:34:06', '2016-11-19 06:34:06', 0),
(642, '2016-11-29', '1479546666', 2, 12360, 'system', 'debit', 'principal repayment', '2016-11-19 06:34:06', '2016-11-19 06:34:06', 0),
(643, '2016-11-23', '1479903065', 11, 15000, 'system', 'credit', 'Save for christmas', '2016-11-23 09:56:05', '2016-11-23 09:56:05', 0),
(644, '2016-11-23', '1479903065', 1, 15000, 'system', 'debit', 'Save for christmas', '2016-11-23 09:56:05', '2016-11-23 09:56:05', 0),
(645, '2016-11-23', '1479906716', 3, 108000, 'system', 'credit', 'loan disbursement', '2016-11-23 10:39:56', '2016-11-23 10:39:56', 0),
(646, '2016-11-23', '1479906716', 3, 108000, 'system', 'debit', 'loan disbursement', '2016-11-23 10:39:56', '2016-11-23 10:39:56', 0),
(647, '2016-11-23', '1479906665', 12, 894, 'system', 'credit', 'interest repayment', '2016-11-23 10:47:05', '2016-11-23 10:47:05', 0),
(648, '2016-11-23', '1479906665', 3, 894, 'system', 'debit', 'interest repayment', '2016-11-23 10:47:05', '2016-11-23 10:47:05', 0),
(649, '2016-11-23', '1479906665', 3, 18001, 'system', 'credit', 'principal repayment', '2016-11-23 10:47:05', '2016-11-23 10:47:05', 0),
(650, '2016-11-23', '1479906665', 3, 18001, 'system', 'debit', 'principal repayment', '2016-11-23 10:47:05', '2016-11-23 10:47:05', 0),
(651, '2016-11-24', '1479910272', 12, 715, 'system', 'credit', 'interest repayment', '2016-11-23 11:15:12', '2016-11-23 11:15:12', 0),
(652, '2016-11-24', '1479910272', 3, 715, 'system', 'debit', 'interest repayment', '2016-11-23 11:15:12', '2016-11-23 11:15:12', 0),
(653, '2016-11-24', '1479910273', 3, 18005, 'system', 'credit', 'principal repayment', '2016-11-23 11:15:13', '2016-11-23 11:15:13', 0),
(654, '2016-11-24', '1479910273', 3, 18005, 'system', 'debit', 'principal repayment', '2016-11-23 11:15:13', '2016-11-23 11:15:13', 0),
(655, '2016-11-25', '1479910294', 12, 536, 'system', 'credit', 'interest repayment', '2016-11-23 11:15:34', '2016-11-23 11:15:34', 0),
(656, '2016-11-25', '1479910294', 3, 536, 'system', 'debit', 'interest repayment', '2016-11-23 11:15:34', '2016-11-23 11:15:34', 0),
(657, '2016-11-25', '1479910295', 3, 18064, 'system', 'credit', 'principal repayment', '2016-11-23 11:15:35', '2016-11-23 11:15:35', 0),
(658, '2016-11-25', '1479910295', 3, 18064, 'system', 'debit', 'principal repayment', '2016-11-23 11:15:35', '2016-11-23 11:15:35', 0),
(659, '2016-11-26', '1479910309', 12, 356, 'system', 'credit', 'interest repayment', '2016-11-23 11:15:49', '2016-11-23 11:15:49', 0),
(660, '2016-11-26', '1479910309', 3, 356, 'system', 'debit', 'interest repayment', '2016-11-23 11:15:49', '2016-11-23 11:15:49', 0),
(661, '2016-11-26', '1479910309', 3, 18144, 'system', 'credit', 'principal repayment', '2016-11-23 11:15:49', '2016-11-23 11:15:49', 0),
(662, '2016-11-26', '1479910309', 3, 18144, 'system', 'debit', 'principal repayment', '2016-11-23 11:15:49', '2016-11-23 11:15:49', 0),
(663, '2016-11-27', '1479910265', 12, 176, 'system', 'credit', 'interest repayment', '2016-11-23 11:16:05', '2016-11-23 11:16:05', 0),
(664, '2016-11-27', '1479910265', 3, 176, 'system', 'debit', 'interest repayment', '2016-11-23 11:16:05', '2016-11-23 11:16:05', 0),
(665, '2016-11-27', '1479910265', 3, 17924, 'system', 'credit', 'principal repayment', '2016-11-23 11:16:05', '2016-11-23 11:16:05', 0),
(666, '2016-11-27', '1479910265', 3, 17924, 'system', 'debit', 'principal repayment', '2016-11-23 11:16:06', '2016-11-23 11:16:06', 0),
(667, '2016-11-28', '1479910284', 12, -2, 'system', 'credit', 'interest repayment', '2016-11-23 11:16:24', '2016-11-23 11:16:24', 0),
(668, '2016-11-28', '1479910284', 3, -2, 'system', 'debit', 'interest repayment', '2016-11-23 11:16:24', '2016-11-23 11:16:24', 0),
(669, '2016-11-28', '1479910285', 3, 17902, 'system', 'credit', 'principal repayment', '2016-11-23 11:16:25', '2016-11-23 11:16:25', 0),
(670, '2016-11-28', '1479910285', 3, 17902, 'system', 'debit', 'principal repayment', '2016-11-23 11:16:25', '2016-11-23 11:16:25', 0),
(671, '2016-11-30', '1479910262', 12, -180, 'system', 'credit', 'interest repayment', '2016-11-23 11:17:02', '2016-11-23 11:17:02', 0),
(672, '2016-11-30', '1479910262', 3, -180, 'system', 'debit', 'interest repayment', '2016-11-23 11:17:03', '2016-11-23 11:17:03', 0),
(673, '2016-11-30', '1479910263', 3, 1380, 'system', 'credit', 'principal repayment', '2016-11-23 11:17:03', '2016-11-23 11:17:03', 0),
(674, '2016-11-30', '1479910263', 3, 1380, 'system', 'debit', 'principal repayment', '2016-11-23 11:17:03', '2016-11-23 11:17:03', 0),
(675, '2016-11-24', '1479975075', 3, 108000, 'system', 'credit', 'loan disbursement', '2016-11-24 05:21:16', '2016-11-24 05:21:16', 0),
(676, '2016-11-24', '1479975075', 3, 108000, 'system', 'debit', 'loan disbursement', '2016-11-24 05:21:16', '2016-11-24 05:21:16', 0),
(677, '2016-11-26', '1480137091', 1, 75000, 'system', 'credit', 'loan disbursement', '2016-11-26 02:22:31', '2016-11-26 02:22:31', 0),
(678, '2016-11-26', '1480137091', 3, 75000, 'system', 'debit', 'loan disbursement', '2016-11-26 02:22:31', '2016-11-26 02:22:31', 0),
(679, '2016-11-26', '1480137101', 12, 3963, 'system', 'credit', 'interest repayment', '2016-11-26 02:24:41', '2016-11-26 02:24:41', 0),
(680, '2016-11-26', '1480137101', 1, 3963, 'system', 'debit', 'interest repayment', '2016-11-26 02:24:41', '2016-11-26 02:24:41', 0),
(681, '2016-11-26', '1480137101', 3, 6252, 'system', 'credit', 'principal repayment', '2016-11-26 02:24:41', '2016-11-26 02:24:41', 0),
(682, '2016-11-26', '1480137101', 1, 6252, 'system', 'debit', 'principal repayment', '2016-11-26 02:24:41', '2016-11-26 02:24:41', 0),
(683, '2016-11-27', '1480137064', 12, 3602, 'system', 'credit', 'interest repayment', '2016-11-26 02:25:04', '2016-11-26 02:25:04', 0),
(684, '2016-11-27', '1480137064', 1, 3602, 'system', 'debit', 'interest repayment', '2016-11-26 02:25:04', '2016-11-26 02:25:04', 0),
(685, '2016-11-27', '1480137064', 3, 6258, 'system', 'credit', 'principal repayment', '2016-11-26 02:25:04', '2016-11-26 02:25:04', 0),
(686, '2016-11-27', '1480137064', 1, 6258, 'system', 'debit', 'principal repayment', '2016-11-26 02:25:04', '2016-11-26 02:25:04', 0),
(687, '2016-11-28', '1480158702', 12, 3240, 'system', 'credit', 'interest repayment', '2016-11-26 08:56:42', '2016-11-26 08:56:42', 0),
(688, '2016-11-28', '1480158702', 1, 3240, 'system', 'debit', 'interest repayment', '2016-11-26 08:56:42', '2016-11-26 08:56:42', 0),
(689, '2016-11-28', '1480158702', 3, 6260, 'system', 'credit', 'principal repayment', '2016-11-26 08:56:42', '2016-11-26 08:56:42', 0),
(690, '2016-11-28', '1480158702', 1, 6260, 'system', 'debit', 'principal repayment', '2016-11-26 08:56:42', '2016-11-26 08:56:42', 0),
(691, '2016-11-29', '1480158666', 12, 2878, 'system', 'credit', 'interest repayment', '2016-11-26 08:57:06', '2016-11-26 08:57:06', 0),
(692, '2016-11-29', '1480158666', 1, 2878, 'system', 'debit', 'interest repayment', '2016-11-26 08:57:06', '2016-11-26 08:57:06', 0),
(693, '2016-11-29', '1480158666', 3, 6322, 'system', 'credit', 'principal repayment', '2016-11-26 08:57:06', '2016-11-26 08:57:06', 0),
(694, '2016-11-29', '1480158666', 1, 6322, 'system', 'debit', 'principal repayment', '2016-11-26 08:57:06', '2016-11-26 08:57:06', 0),
(695, '2016-11-29', '1480158698', 12, 2512, 'system', 'credit', 'interest repayment', '2016-11-26 08:57:38', '2016-11-26 08:57:38', 0),
(696, '2016-11-29', '1480158698', 1, 2512, 'system', 'debit', 'interest repayment', '2016-11-26 08:57:38', '2016-11-26 08:57:38', 0),
(697, '2016-11-29', '1480158698', 3, 6288, 'system', 'credit', 'principal repayment', '2016-11-26 08:57:38', '2016-11-26 08:57:38', 0),
(698, '2016-11-29', '1480158698', 1, 6288, 'system', 'debit', 'principal repayment', '2016-11-26 08:57:38', '2016-11-26 08:57:38', 0),
(699, '2016-11-30', '1480158665', 12, 2148, 'system', 'credit', 'interest repayment', '2016-11-26 08:58:05', '2016-11-26 08:58:05', 0),
(700, '2016-11-30', '1480158665', 1, 2148, 'system', 'debit', 'interest repayment', '2016-11-26 08:58:05', '2016-11-26 08:58:05', 0),
(701, '2016-11-30', '1480158665', 3, 6352, 'system', 'credit', 'principal repayment', '2016-11-26 08:58:05', '2016-11-26 08:58:05', 0),
(702, '2016-11-30', '1480158665', 1, 6352, 'system', 'debit', 'principal repayment', '2016-11-26 08:58:06', '2016-11-26 08:58:06', 0),
(703, '2016-11-30', '1480158682', 12, 1781, 'system', 'credit', 'interest repayment', '2016-11-26 08:58:22', '2016-11-26 08:58:22', 0),
(704, '2016-11-30', '1480158682', 1, 1781, 'system', 'debit', 'interest repayment', '2016-11-26 08:58:22', '2016-11-26 08:58:22', 0),
(705, '2016-11-30', '1480158682', 3, 6219, 'system', 'credit', 'principal repayment', '2016-11-26 08:58:22', '2016-11-26 08:58:22', 0),
(706, '2016-11-30', '1480158682', 1, 6219, 'system', 'debit', 'principal repayment', '2016-11-26 08:58:22', '2016-11-26 08:58:22', 0),
(707, '2016-11-30', '1480158700', 12, 1421, 'system', 'credit', 'interest repayment', '2016-11-26 08:58:40', '2016-11-26 08:58:40', 0),
(708, '2016-11-30', '1480158700', 1, 1421, 'system', 'debit', 'interest repayment', '2016-11-26 08:58:40', '2016-11-26 08:58:40', 0),
(709, '2016-11-30', '1480158700', 3, 6279, 'system', 'credit', 'principal repayment', '2016-11-26 08:58:40', '2016-11-26 08:58:40', 0),
(710, '2016-11-30', '1480158700', 1, 6279, 'system', 'debit', 'principal repayment', '2016-11-26 08:58:40', '2016-11-26 08:58:40', 0),
(711, '2016-12-01', '1480158660', 12, 1058, 'system', 'credit', 'interest repayment', '2016-11-26 08:59:00', '2016-11-26 08:59:00', 0),
(712, '2016-12-01', '1480158660', 1, 1058, 'system', 'debit', 'interest repayment', '2016-11-26 08:59:00', '2016-11-26 08:59:00', 0),
(713, '2016-12-01', '1480158660', 3, 6442, 'system', 'credit', 'principal repayment', '2016-11-26 08:59:00', '2016-11-26 08:59:00', 0),
(714, '2016-12-01', '1480158660', 1, 6442, 'system', 'debit', 'principal repayment', '2016-11-26 08:59:00', '2016-11-26 08:59:00', 0),
(715, '2016-12-02', '1480158677', 12, 685, 'system', 'credit', 'interest repayment', '2016-11-26 08:59:17', '2016-11-26 08:59:17', 0),
(716, '2016-12-02', '1480158677', 1, 685, 'system', 'debit', 'interest repayment', '2016-11-26 08:59:17', '2016-11-26 08:59:17', 0),
(717, '2016-12-02', '1480158677', 3, 6115, 'system', 'credit', 'principal repayment', '2016-11-26 08:59:17', '2016-11-26 08:59:17', 0),
(718, '2016-12-02', '1480158677', 1, 6115, 'system', 'debit', 'principal repayment', '2016-11-26 08:59:17', '2016-11-26 08:59:17', 0),
(719, '2016-12-03', '1480158700', 12, 331, 'system', 'credit', 'interest repayment', '2016-11-26 08:59:40', '2016-11-26 08:59:40', 0),
(720, '2016-12-03', '1480158700', 1, 331, 'system', 'debit', 'interest repayment', '2016-11-26 08:59:40', '2016-11-26 08:59:40', 0),
(721, '2016-12-03', '1480158700', 3, 6169, 'system', 'credit', 'principal repayment', '2016-11-26 08:59:40', '2016-11-26 08:59:40', 0),
(722, '2016-12-03', '1480158700', 1, 6169, 'system', 'debit', 'principal repayment', '2016-11-26 08:59:40', '2016-11-26 08:59:40', 0),
(723, '2016-12-03', '1480162272', 12, -25, 'system', 'credit', 'interest repayment', '2016-11-26 09:00:12', '2016-11-26 09:00:12', 0),
(724, '2016-12-03', '1480162272', 1, -25, 'system', 'debit', 'interest repayment', '2016-11-26 09:00:12', '2016-11-26 09:00:12', 0),
(725, '2016-12-03', '1480162273', 3, 6045, 'system', 'credit', 'principal repayment', '2016-11-26 09:00:13', '2016-11-26 09:00:13', 0),
(726, '2016-12-03', '1480162273', 1, 6045, 'system', 'debit', 'principal repayment', '2016-11-26 09:00:13', '2016-11-26 09:00:13', 0),
(727, '2016-12-05', '1480162293', 12, -375, 'system', 'credit', 'interest repayment', '2016-11-26 09:01:33', '2016-11-26 09:01:33', 0),
(728, '2016-12-05', '1480162293', 1, -375, 'system', 'debit', 'interest repayment', '2016-11-26 09:01:33', '2016-11-26 09:01:33', 0),
(729, '2016-12-05', '1480162293', 3, 9175, 'system', 'credit', 'principal repayment', '2016-11-26 09:01:33', '2016-11-26 09:01:33', 0),
(730, '2016-12-05', '1480162293', 1, 9175, 'system', 'debit', 'principal repayment', '2016-11-26 09:01:34', '2016-11-26 09:01:34', 0),
(731, '2016-11-27', '1480234268', 1, 50000, 'system', 'credit', 'loan disbursement', '2016-11-27 05:48:08', '2016-11-27 05:48:08', 0),
(732, '2016-11-27', '1480234268', 3, 50000, 'system', 'debit', 'loan disbursement', '2016-11-27 05:48:08', '2016-11-27 05:48:08', 0),
(733, '2016-12-01', '1480234306', 12, 2390, 'system', 'credit', 'interest repayment', '2016-11-27 05:48:46', '2016-11-27 05:48:46', 0),
(734, '2016-12-01', '1480234306', 1, 2390, 'system', 'debit', 'interest repayment', '2016-11-27 05:48:46', '2016-11-27 05:48:46', 0),
(735, '2016-12-01', '1480234306', 3, 8410, 'system', 'credit', 'principal repayment', '2016-11-27 05:48:46', '2016-11-27 05:48:46', 0),
(736, '2016-12-01', '1480234306', 1, 8410, 'system', 'debit', 'principal repayment', '2016-11-27 05:48:46', '2016-11-27 05:48:46', 0),
(737, '2016-12-02', '1480234270', 12, 1904, 'system', 'credit', 'interest repayment', '2016-11-27 05:49:10', '2016-11-27 05:49:10', 0),
(738, '2016-12-02', '1480234270', 1, 1904, 'system', 'debit', 'interest repayment', '2016-11-27 05:49:10', '2016-11-27 05:49:10', 0),
(739, '2016-12-02', '1480234270', 3, 8396, 'system', 'credit', 'principal repayment', '2016-11-27 05:49:10', '2016-11-27 05:49:10', 0),
(740, '2016-12-02', '1480234270', 1, 8396, 'system', 'debit', 'principal repayment', '2016-11-27 05:49:10', '2016-11-27 05:49:10', 0),
(741, '2016-12-03', '1480234294', 12, 1419, 'system', 'credit', 'interest repayment', '2016-11-27 05:49:34', '2016-11-27 05:49:34', 0),
(742, '2016-12-03', '1480234294', 1, 1419, 'system', 'debit', 'interest repayment', '2016-11-27 05:49:34', '2016-11-27 05:49:34', 0),
(743, '2016-12-03', '1480234294', 3, 7781, 'system', 'credit', 'principal repayment', '2016-11-27 05:49:34', '2016-11-27 05:49:34', 0),
(744, '2016-12-03', '1480234294', 1, 7781, 'system', 'debit', 'principal repayment', '2016-11-27 05:49:34', '2016-11-27 05:49:34', 0),
(745, '2016-12-04', '1480234261', 12, 969, 'system', 'credit', 'interest repayment', '2016-11-27 05:50:01', '2016-11-27 05:50:01', 0),
(746, '2016-12-04', '1480234261', 1, 969, 'system', 'debit', 'interest repayment', '2016-11-27 05:50:01', '2016-11-27 05:50:01', 0),
(747, '2016-12-04', '1480234261', 3, 8531, 'system', 'credit', 'principal repayment', '2016-11-27 05:50:01', '2016-11-27 05:50:01', 0),
(748, '2016-12-04', '1480234261', 1, 8531, 'system', 'debit', 'principal repayment', '2016-11-27 05:50:01', '2016-11-27 05:50:01', 0),
(749, '2016-12-05', '1480234289', 12, 476, 'system', 'credit', 'interest repayment', '2016-11-27 05:50:29', '2016-11-27 05:50:29', 0),
(750, '2016-12-05', '1480234289', 1, 476, 'system', 'debit', 'interest repayment', '2016-11-27 05:50:29', '2016-11-27 05:50:29', 0),
(751, '2016-12-05', '1480234289', 3, 8524, 'system', 'credit', 'principal repayment', '2016-11-27 05:50:29', '2016-11-27 05:50:29', 0),
(752, '2016-12-05', '1480234289', 1, 8524, 'system', 'debit', 'principal repayment', '2016-11-27 05:50:29', '2016-11-27 05:50:29', 0),
(753, '2016-12-06', '1480234308', 12, -17, 'system', 'credit', 'interest repayment', '2016-11-27 05:50:48', '2016-11-27 05:50:48', 0),
(754, '2016-12-06', '1480234308', 1, -17, 'system', 'debit', 'interest repayment', '2016-11-27 05:50:48', '2016-11-27 05:50:48', 0),
(755, '2016-12-06', '1480234309', 3, 8517, 'system', 'credit', 'principal repayment', '2016-11-27 05:50:49', '2016-11-27 05:50:49', 0),
(756, '2016-12-06', '1480234309', 1, 8517, 'system', 'debit', 'principal repayment', '2016-11-27 05:50:49', '2016-11-27 05:50:49', 0),
(757, '2016-12-08', '1480234280', 12, -509, 'system', 'credit', 'interest repayment', '2016-11-27 05:51:20', '2016-11-27 05:51:20', 0);
INSERT INTO `x_journals` (`id`, `date`, `trans_no`, `account_id`, `amount`, `initiated_by`, `type`, `description`, `created_at`, `updated_at`, `void`) VALUES
(758, '2016-12-08', '1480234280', 1, -509, 'system', 'debit', 'interest repayment', '2016-11-27 05:51:20', '2016-11-27 05:51:20', 0),
(759, '2016-12-08', '1480234280', 3, 4309, 'system', 'credit', 'principal repayment', '2016-11-27 05:51:20', '2016-11-27 05:51:20', 0),
(760, '2016-12-08', '1480234280', 1, 4309, 'system', 'debit', 'principal repayment', '2016-11-27 05:51:20', '2016-11-27 05:51:20', 0),
(761, '2016-11-27', '1480252261', 3, 150000, 'system', 'credit', 'loan disbursement', '2016-11-27 10:41:01', '2016-11-27 10:41:01', 0),
(762, '2016-11-27', '1480252261', 3, 150000, 'system', 'debit', 'loan disbursement', '2016-11-27 10:41:01', '2016-11-27 10:41:01', 0),
(763, '2016-11-27', '1480252306', 12, 1241, 'system', 'credit', 'interest repayment', '2016-11-27 10:43:46', '2016-11-27 10:43:46', 0),
(764, '2016-11-27', '1480252306', 3, 1241, 'system', 'debit', 'interest repayment', '2016-11-27 10:43:46', '2016-11-27 10:43:46', 0),
(765, '2016-11-27', '1480252306', 3, 28759, 'system', 'credit', 'principal repayment', '2016-11-27 10:43:46', '2016-11-27 10:43:46', 0),
(766, '2016-11-27', '1480252306', 3, 28759, 'system', 'debit', 'principal repayment', '2016-11-27 10:43:46', '2016-11-27 10:43:46', 0),
(767, '2016-11-28', '1480252318', 12, 955, 'system', 'credit', 'interest repayment', '2016-11-27 10:43:58', '2016-11-27 10:43:58', 0),
(768, '2016-11-28', '1480252318', 3, 955, 'system', 'debit', 'interest repayment', '2016-11-27 10:43:58', '2016-11-27 10:43:58', 0),
(769, '2016-11-28', '1480252318', 3, 29045, 'system', 'credit', 'principal repayment', '2016-11-27 10:43:58', '2016-11-27 10:43:58', 0),
(770, '2016-11-28', '1480252318', 3, 29045, 'system', 'debit', 'principal repayment', '2016-11-27 10:43:58', '2016-11-27 10:43:58', 0),
(771, '2016-11-29', '1480252269', 12, 667, 'system', 'credit', 'interest repayment', '2016-11-27 10:44:09', '2016-11-27 10:44:09', 0),
(772, '2016-11-29', '1480252269', 3, 667, 'system', 'debit', 'interest repayment', '2016-11-27 10:44:09', '2016-11-27 10:44:09', 0),
(773, '2016-11-29', '1480252269', 3, 29333, 'system', 'credit', 'principal repayment', '2016-11-27 10:44:09', '2016-11-27 10:44:09', 0),
(774, '2016-11-29', '1480252269', 3, 29333, 'system', 'debit', 'principal repayment', '2016-11-27 10:44:09', '2016-11-27 10:44:09', 0),
(775, '2016-11-30', '1480252280', 12, 375, 'system', 'credit', 'interest repayment', '2016-11-27 10:44:20', '2016-11-27 10:44:20', 0),
(776, '2016-11-30', '1480252280', 3, 375, 'system', 'debit', 'interest repayment', '2016-11-27 10:44:20', '2016-11-27 10:44:20', 0),
(777, '2016-11-30', '1480252280', 3, 29625, 'system', 'credit', 'principal repayment', '2016-11-27 10:44:20', '2016-11-27 10:44:20', 0),
(778, '2016-11-30', '1480252280', 3, 29625, 'system', 'debit', 'principal repayment', '2016-11-27 10:44:20', '2016-11-27 10:44:20', 0),
(779, '2016-12-01', '1480252292', 12, 80, 'system', 'credit', 'interest repayment', '2016-11-27 10:44:32', '2016-11-27 10:44:32', 0),
(780, '2016-12-01', '1480252292', 3, 80, 'system', 'debit', 'interest repayment', '2016-11-27 10:44:32', '2016-11-27 10:44:32', 0),
(781, '2016-12-01', '1480252292', 3, 29920, 'system', 'credit', 'principal repayment', '2016-11-27 10:44:32', '2016-11-27 10:44:32', 0),
(782, '2016-12-01', '1480252292', 3, 29920, 'system', 'debit', 'principal repayment', '2016-11-27 10:44:32', '2016-11-27 10:44:32', 0),
(783, '2016-12-02', '1480252304', 12, -217, 'system', 'credit', 'interest repayment', '2016-11-27 10:44:44', '2016-11-27 10:44:44', 0),
(784, '2016-12-02', '1480252304', 3, -217, 'system', 'debit', 'interest repayment', '2016-11-27 10:44:44', '2016-11-27 10:44:44', 0),
(785, '2016-12-02', '1480252304', 3, 30217, 'system', 'credit', 'principal repayment', '2016-11-27 10:44:44', '2016-11-27 10:44:44', 0),
(786, '2016-12-02', '1480252304', 3, 30217, 'system', 'debit', 'principal repayment', '2016-11-27 10:44:44', '2016-11-27 10:44:44', 0);

-- --------------------------------------------------------

--
-- Table structure for table `x_kins`
--

CREATE TABLE IF NOT EXISTS `x_kins` (
`id` int(10) unsigned NOT NULL,
  `name` varchar(255) COLLATE utf8_unicode_ci NOT NULL,
  `rship` varchar(255) COLLATE utf8_unicode_ci DEFAULT NULL,
  `goodwill` float(10,0) DEFAULT NULL,
  `id_number` varchar(255) COLLATE utf8_unicode_ci DEFAULT NULL,
  `member_id` int(10) unsigned NOT NULL,
  `created_at` timestamp NOT NULL DEFAULT '0000-00-00 00:00:00',
  `updated_at` timestamp NOT NULL DEFAULT '0000-00-00 00:00:00',
  `contact` varchar(255) COLLATE utf8_unicode_ci DEFAULT NULL
) ENGINE=InnoDB  DEFAULT CHARSET=utf8 COLLATE=utf8_unicode_ci AUTO_INCREMENT=12 ;

--
-- Dumping data for table `x_kins`
--

INSERT INTO `x_kins` (`id`, `name`, `rship`, `goodwill`, `id_number`, `member_id`, `created_at`, `updated_at`, `contact`) VALUES
(1, 'Philomena Naiserian', 'Daughter', 45, '23514256', 3, '2016-11-11 04:08:20', '2016-11-11 04:08:20', '0748512976'),
(4, 'Thomson Mafuli', 'Son', 14, '45127810', 4, '2016-11-12 06:13:32', '2016-11-12 06:13:32', '0715248946'),
(8, 'Chemjor Chebet', 'Daughter', 25, '41257896', 1, '2016-11-12 10:50:28', '2016-11-12 10:50:28', '0719845263'),
(9, 'Kelvin Chisero', 'Son', 15, '1523045', 1, '2016-11-12 10:50:28', '2016-11-12 10:50:28', '0715284512'),
(11, 'Delcine Baraka', 'Son', 12, '35124586', 11, '2016-11-27 05:43:28', '2016-11-27 05:43:28', '0748152648');

-- --------------------------------------------------------

--
-- Table structure for table `x_loanaccounts`
--

CREATE TABLE IF NOT EXISTS `x_loanaccounts` (
`id` int(10) unsigned NOT NULL,
  `member_id` int(10) unsigned NOT NULL,
  `loanproduct_id` int(10) unsigned NOT NULL,
  `is_new_application` tinyint(1) NOT NULL DEFAULT '1',
  `application_date` date NOT NULL,
  `amount_applied` float(10,0) NOT NULL,
  `interest_rate` float(10,0) NOT NULL,
  `period` int(11) NOT NULL,
  `is_approved` tinyint(1) NOT NULL DEFAULT '0',
  `date_approved` date DEFAULT NULL,
  `amount_approved` float(10,0) DEFAULT NULL,
  `is_rejected` tinyint(1) NOT NULL DEFAULT '0',
  `rejection_reason` varchar(255) COLLATE utf8_unicode_ci DEFAULT NULL,
  `is_amended` tinyint(1) NOT NULL DEFAULT '0',
  `date_amended` date DEFAULT NULL,
  `is_disbursed` tinyint(1) NOT NULL DEFAULT '0',
  `amount_disbursed` float(10,0) DEFAULT NULL,
  `date_disbursed` date DEFAULT NULL,
  `repayment_start_date` date DEFAULT NULL,
  `is_matured` tinyint(1) NOT NULL DEFAULT '0',
  `is_written_off` tinyint(1) NOT NULL DEFAULT '0',
  `is_defaulted` tinyint(1) NOT NULL DEFAULT '0',
  `is_overpaid` tinyint(1) NOT NULL DEFAULT '0',
  `account_number` varchar(255) COLLATE utf8_unicode_ci DEFAULT NULL,
  `repayment_duration` int(11) DEFAULT NULL,
  `is_top_up` tinyint(1) DEFAULT '0',
  `is_converted` tinyint(1) DEFAULT '0',
  `is_recovered` tinyint(1) DEFAULT '0',
  `top_up_amount` float(15,3) DEFAULT '0.000',
  `loan_purpose` varchar(255) COLLATE utf8_unicode_ci DEFAULT NULL,
  `loan_status` enum('open','closed') COLLATE utf8_unicode_ci NOT NULL DEFAULT 'open',
  `matrix_id` int(11) DEFAULT NULL,
  `matrix_photo` varchar(255) COLLATE utf8_unicode_ci DEFAULT NULL,
  `disbursement_id` int(11) NOT NULL,
  `guarantor_approved` tinyint(1) DEFAULT '0',
  `created_at` timestamp NOT NULL DEFAULT '0000-00-00 00:00:00',
  `updated_at` timestamp NOT NULL DEFAULT '0000-00-00 00:00:00'
) ENGINE=InnoDB  DEFAULT CHARSET=utf8 COLLATE=utf8_unicode_ci AUTO_INCREMENT=71 ;

--
-- Dumping data for table `x_loanaccounts`
--

INSERT INTO `x_loanaccounts` (`id`, `member_id`, `loanproduct_id`, `is_new_application`, `application_date`, `amount_applied`, `interest_rate`, `period`, `is_approved`, `date_approved`, `amount_approved`, `is_rejected`, `rejection_reason`, `is_amended`, `date_amended`, `is_disbursed`, `amount_disbursed`, `date_disbursed`, `repayment_start_date`, `is_matured`, `is_written_off`, `is_defaulted`, `is_overpaid`, `account_number`, `repayment_duration`, `is_top_up`, `is_converted`, `is_recovered`, `top_up_amount`, `loan_purpose`, `loan_status`, `matrix_id`, `matrix_photo`, `disbursement_id`, `guarantor_approved`, `created_at`, `updated_at`) VALUES
(59, 9, 6, 0, '2016-11-16', 50000, 1, 6, 1, '2016-11-16', 50000, 0, NULL, 0, NULL, 1, 50000, '2016-11-16', '2016-11-16', 0, 0, 0, 0, 'SML-LS009-2', 6, 0, 0, 0, 0.000, NULL, 'open', 1, 'Sq5hErt6tn9g.xlsx', 10, 0, '2016-11-15 18:59:45', '2016-11-15 18:59:46'),
(60, 7, 6, 0, '2016-11-16', 50000, 1, 6, 1, '2016-11-16', 50000, 0, NULL, 0, NULL, 1, 50000, '2016-11-16', '2016-11-16', 0, 0, 0, 0, 'SML-LTL7-2', 6, 0, 0, 0, 0.000, NULL, 'open', 1, 'aVc4uSU9Y8Jm.sql', 11, 0, '2016-11-16 15:10:20', '2016-11-16 15:10:20'),
(61, 9, 6, 0, '2016-11-18', 50000, 1, 6, 1, '2016-11-18', 50000, 0, NULL, 0, NULL, 1, 50000, '2016-11-18', '2016-11-18', 0, 0, 0, 0, 'SML-LS009-3', 6, 0, 0, 0, 0.000, NULL, 'open', 1, 'ik3tBGzIapNF.xlsx', 11, 0, '2016-11-17 04:33:48', '2016-11-17 04:33:48'),
(62, 3, 6, 0, '2016-11-19', 50000, 1, 6, 1, '2016-11-19', 50000, 0, NULL, 0, NULL, 1, 50000, '2016-11-19', '2016-11-19', 0, 0, 0, 0, 'SML-LTL3-2', 6, 0, 0, 0, 0.000, NULL, 'open', 1, 'wZtZwK8gmcJW.pdf', 11, 0, '2016-11-19 06:17:10', '2016-11-19 06:17:10'),
(63, 6, 5, 0, '2016-11-21', 60000, 6, 24, 1, '2016-11-19', 60000, 0, NULL, 0, NULL, 1, 60000, '2016-11-19', '2016-11-19', 0, 0, 0, 0, 'IL-LTL6-2', 6, 0, 0, 0, 0.000, NULL, 'open', 1, '83kZSF3tSVCy.docx', 10, 0, '2016-11-19 06:30:36', '2016-11-19 06:31:32'),
(66, 1, 6, 0, '2016-11-23', 108000, 1, 6, 0, '2016-11-23', 108000, 1, '', 0, NULL, 1, 108000, '2016-11-23', '2016-11-23', 0, 0, 0, 0, 'SML-LTL1-1', 6, 0, 0, 0, 0.000, NULL, 'open', NULL, NULL, 1, 0, '2016-11-23 10:39:56', '2016-11-23 11:01:33'),
(67, 1, 6, 0, '2016-11-24', 108000, 1, 6, 0, '2016-11-24', 108000, 1, 'Another Loan exists.', 0, NULL, 1, 108000, '2016-11-24', '2016-11-24', 0, 0, 0, 0, 'SML-LTL1-2', 6, 0, 0, 0, 0.000, NULL, 'open', NULL, NULL, 1, 0, '2016-11-24 05:21:15', '2016-11-24 05:31:27'),
(68, 4, 3, 0, '2016-11-26', 75000, 6, 12, 1, '2016-11-26', 75000, 0, NULL, 0, NULL, 1, 75000, '2016-11-26', '2016-11-26', 0, 0, 0, 0, 'EL-LTL4-2', 12, 0, 0, 0, 0.000, NULL, 'open', 1, '7tf65aQ9dgSB.pdf', 11, 0, '2016-11-26 02:21:36', '2016-11-26 02:22:31'),
(69, 11, 3, 0, '2016-11-30', 50000, 6, 12, 1, '2016-11-27', 50000, 0, NULL, 0, NULL, 1, 50000, '2016-11-27', '2016-11-27', 0, 0, 0, 0, 'EL-LS.011-2', 6, 0, 0, 0, 0.000, NULL, 'open', 1, 'i3862MNEzVXY.jpg', 10, 0, '2016-11-27 05:46:45', '2016-11-27 05:48:07'),
(70, 10, 6, 0, '2016-11-27', 150000, 1, 6, 0, '2016-11-27', 150000, 1, 'Another loan with the same amount already exists.', 0, NULL, 1, 150000, '2016-11-27', '2016-11-27', 0, 0, 0, 0, 'SML-LS.010-1', 6, 0, 0, 0, 0.000, NULL, 'open', NULL, NULL, 1, 0, '2016-11-27 10:41:01', '2016-11-27 10:43:07');

-- --------------------------------------------------------

--
-- Table structure for table `x_loanguarantors`
--

CREATE TABLE IF NOT EXISTS `x_loanguarantors` (
`id` int(10) unsigned NOT NULL,
  `member_id` int(10) unsigned NOT NULL,
  `loanaccount_id` int(10) unsigned NOT NULL,
  `amount` float(10,0) NOT NULL DEFAULT '0',
  `created_at` timestamp NOT NULL DEFAULT '0000-00-00 00:00:00',
  `updated_at` timestamp NOT NULL DEFAULT '0000-00-00 00:00:00',
  `has_approved` tinyint(1) DEFAULT '0'
) ENGINE=InnoDB DEFAULT CHARSET=utf8 COLLATE=utf8_unicode_ci AUTO_INCREMENT=1 ;

-- --------------------------------------------------------

--
-- Table structure for table `x_loanpostings`
--

CREATE TABLE IF NOT EXISTS `x_loanpostings` (
`id` int(10) unsigned NOT NULL,
  `loanproduct_id` int(10) unsigned NOT NULL,
  `transaction` varchar(255) COLLATE utf8_unicode_ci NOT NULL,
  `debit_account` varchar(255) COLLATE utf8_unicode_ci NOT NULL,
  `credit_account` varchar(255) COLLATE utf8_unicode_ci NOT NULL,
  `created_at` timestamp NOT NULL DEFAULT '0000-00-00 00:00:00',
  `updated_at` timestamp NOT NULL DEFAULT '0000-00-00 00:00:00'
) ENGINE=InnoDB  DEFAULT CHARSET=utf8 COLLATE=utf8_unicode_ci AUTO_INCREMENT=33 ;

--
-- Dumping data for table `x_loanpostings`
--

INSERT INTO `x_loanpostings` (`id`, `loanproduct_id`, `transaction`, `debit_account`, `credit_account`, `created_at`, `updated_at`) VALUES
(1, 3, 'disbursal', '3', '1', '2016-06-21 08:36:56', '2016-06-21 08:36:56'),
(2, 3, 'principal_repayment', '1', '3', '2016-06-21 08:36:56', '2016-06-21 08:36:56'),
(3, 3, 'interest_repayment', '1', '12', '2016-06-21 08:36:56', '2016-06-21 08:36:56'),
(4, 3, 'loan_write_off', '18', '3', '2016-06-21 08:36:56', '2016-06-21 08:36:56'),
(5, 3, 'fee_payment', '1', '13', '2016-06-21 08:36:56', '2016-06-21 08:36:56'),
(6, 3, 'penalty_payment', '1', '14', '2016-06-21 08:36:57', '2016-06-21 08:36:57'),
(7, 3, 'loan_overpayment', '1', '5', '2016-06-21 08:36:57', '2016-06-21 08:36:57'),
(8, 3, 'overpayment_refund', '5', '1', '2016-06-21 08:36:57', '2016-06-21 08:36:57'),
(9, 4, 'disbursal', '4', '1', '2016-06-21 08:37:49', '2016-06-21 08:37:49'),
(10, 4, 'principal_repayment', '1', '4', '2016-06-21 08:37:49', '2016-06-21 08:37:49'),
(11, 4, 'interest_repayment', '1', '15', '2016-06-21 08:37:49', '2016-06-21 08:37:49'),
(12, 4, 'loan_write_off', '19', '4', '2016-06-21 08:37:49', '2016-06-21 08:37:49'),
(13, 4, 'fee_payment', '1', '16', '2016-06-21 08:37:49', '2016-06-21 08:37:49'),
(14, 4, 'penalty_payment', '1', '17', '2016-06-21 08:37:49', '2016-06-21 08:37:49'),
(15, 4, 'loan_overpayment', '1', '8', '2016-06-21 08:37:49', '2016-06-21 08:37:49'),
(16, 4, 'overpayment_refund', '8', '1', '2016-06-21 08:37:49', '2016-06-21 08:37:49'),
(17, 5, 'disbursal', '1', '2', '2016-10-17 09:08:36', '2016-10-17 09:08:36'),
(18, 5, 'principal_repayment', '2', '1', '2016-10-17 09:08:36', '2016-10-17 09:08:36'),
(19, 5, 'interest_repayment', '2', '15', '2016-10-17 09:08:36', '2016-10-17 09:08:36'),
(20, 5, 'loan_write_off', '19', '1', '2016-10-17 09:08:36', '2016-10-17 09:08:36'),
(21, 5, 'fee_payment', '2', '16', '2016-10-17 09:08:36', '2016-10-17 09:08:36'),
(22, 5, 'penalty_payment', '2', '17', '2016-10-17 09:08:36', '2016-10-17 09:08:36'),
(23, 5, 'loan_overpayment', '2', '11', '2016-10-17 09:08:36', '2016-10-17 09:08:36'),
(24, 5, 'overpayment_refund', '11', '2', '2016-10-17 09:08:36', '2016-10-17 09:08:36'),
(25, 6, 'disbursal', '3', '3', '2016-11-12 12:31:08', '2016-11-12 12:31:08'),
(26, 6, 'principal_repayment', '3', '3', '2016-11-12 12:31:08', '2016-11-12 12:31:08'),
(27, 6, 'interest_repayment', '3', '12', '2016-11-12 12:31:08', '2016-11-12 12:31:08'),
(28, 6, 'loan_write_off', '18', '3', '2016-11-12 12:31:08', '2016-11-12 12:31:08'),
(29, 6, 'fee_payment', '3', '13', '2016-11-12 12:31:08', '2016-11-12 12:31:08'),
(30, 6, 'penalty_payment', '3', '14', '2016-11-12 12:31:08', '2016-11-12 12:31:08'),
(31, 6, 'loan_overpayment', '3', '5', '2016-11-12 12:31:08', '2016-11-12 12:31:08'),
(32, 6, 'overpayment_refund', '5', '3', '2016-11-12 12:31:08', '2016-11-12 12:31:08');

-- --------------------------------------------------------

--
-- Table structure for table `x_loanproducts`
--

CREATE TABLE IF NOT EXISTS `x_loanproducts` (
`id` int(10) unsigned NOT NULL,
  `name` varchar(255) COLLATE utf8_unicode_ci NOT NULL,
  `short_name` varchar(255) COLLATE utf8_unicode_ci NOT NULL,
  `formula` varchar(255) COLLATE utf8_unicode_ci NOT NULL,
  `interest_rate` float(10,0) NOT NULL,
  `created_at` timestamp NOT NULL DEFAULT '0000-00-00 00:00:00',
  `updated_at` timestamp NOT NULL DEFAULT '0000-00-00 00:00:00',
  `amortization` varchar(255) COLLATE utf8_unicode_ci DEFAULT 'EI',
  `period` int(11) DEFAULT NULL,
  `currency` varchar(255) COLLATE utf8_unicode_ci NOT NULL,
  `auto_loan_limit` decimal(8,2) DEFAULT NULL,
  `application_form` varchar(255) COLLATE utf8_unicode_ci DEFAULT NULL
) ENGINE=InnoDB  DEFAULT CHARSET=utf8 COLLATE=utf8_unicode_ci AUTO_INCREMENT=7 ;

--
-- Dumping data for table `x_loanproducts`
--

INSERT INTO `x_loanproducts` (`id`, `name`, `short_name`, `formula`, `interest_rate`, `created_at`, `updated_at`, `amortization`, `period`, `currency`, `auto_loan_limit`, `application_form`) VALUES
(3, 'Emergency Loan', 'EL', 'RB', 6, '2016-06-21 08:36:55', '2016-11-02 07:14:55', 'EI', 12, 'KES', '0.00', NULL),
(4, 'Bidhaa Loan ', 'BL', 'SL', 6, '2016-06-21 08:37:48', '2016-06-21 08:37:48', 'EI', 15, 'KES', NULL, NULL),
(5, 'Imarisha Loan', 'IL', 'SL', 6, '2016-10-17 09:08:36', '2016-10-17 09:08:36', 'EP', 24, 'USD', '0.00', 'Loan Application Form'),
(6, 'Smash Loan', 'SML', 'RB', 1, '2016-11-12 12:31:07', '2016-11-12 12:31:07', 'EI', 6, 'KES', '60000.00', 'Loan Application Form');

-- --------------------------------------------------------

--
-- Table structure for table `x_loanrepayments`
--

CREATE TABLE IF NOT EXISTS `x_loanrepayments` (
`id` int(10) unsigned NOT NULL,
  `loanaccount_id` int(10) unsigned NOT NULL,
  `date` date NOT NULL,
  `principal_paid` float(12,2) NOT NULL DEFAULT '0.00',
  `interest_paid` float(12,2) NOT NULL DEFAULT '0.00',
  `created_at` timestamp NOT NULL DEFAULT '0000-00-00 00:00:00',
  `updated_at` timestamp NOT NULL DEFAULT '0000-00-00 00:00:00',
  `default_period` varchar(255) COLLATE utf8_unicode_ci DEFAULT NULL
) ENGINE=InnoDB  DEFAULT CHARSET=utf8 COLLATE=utf8_unicode_ci AUTO_INCREMENT=111 ;

--
-- Dumping data for table `x_loanrepayments`
--

INSERT INTO `x_loanrepayments` (`id`, `loanaccount_id`, `date`, `principal_paid`, `interest_paid`, `created_at`, `updated_at`, `default_period`) VALUES
(1, 59, '2016-11-18', 0.00, 416.67, '2016-11-15 19:01:02', '2016-11-15 19:01:02', NULL),
(2, 59, '2016-11-18', 52348.85, 0.00, '2016-11-15 19:01:02', '2016-11-15 19:01:02', NULL),
(3, 60, '2016-11-16', 50000.00, 0.00, '2016-11-16 16:34:21', '2016-11-16 16:34:21', NULL),
(4, 60, '2016-11-16', 0.00, 1764.52, '2016-11-16 16:34:21', '2016-11-16 16:34:21', NULL),
(5, 61, '2016-11-19', 0.00, 517.65, '2016-11-17 04:39:36', '2016-11-17 04:39:36', NULL),
(6, 61, '2016-11-19', 8333.33, 0.00, '2016-11-17 04:39:36', '2016-11-17 04:39:36', NULL),
(7, 61, '2016-11-19', 0.00, 514.70, '2016-11-17 04:40:03', '2016-11-17 04:40:03', NULL),
(8, 61, '2016-11-19', 8333.34, 0.00, '2016-11-17 04:40:03', '2016-11-17 04:40:03', NULL),
(9, 61, '2016-11-18', 0.00, 511.76, '2016-11-17 04:40:26', '2016-11-17 04:40:26', NULL),
(10, 61, '2016-11-18', 8333.34, 0.00, '2016-11-17 04:40:26', '2016-11-17 04:40:26', NULL),
(11, 61, '2016-11-19', 0.00, 508.82, '2016-11-17 04:40:51', '2016-11-17 04:40:51', NULL),
(12, 61, '2016-11-19', 8333.33, 0.00, '2016-11-17 04:40:51', '2016-11-17 04:40:51', NULL),
(13, 61, '2016-11-19', 0.00, 505.88, '2016-11-17 04:41:13', '2016-11-17 04:41:13', NULL),
(14, 61, '2016-11-19', 8333.33, 0.00, '2016-11-17 04:41:13', '2016-11-17 04:41:13', NULL),
(15, 61, '2016-11-19', 0.00, 502.94, '2016-11-17 04:41:34', '2016-11-17 04:41:34', NULL),
(16, 61, '2016-11-19', 8333.33, 0.00, '2016-11-17 04:41:34', '2016-11-17 04:41:34', NULL),
(17, 62, '2016-11-19', 0.00, 413.73, '2016-11-19 06:17:50', '2016-11-19 06:17:50', NULL),
(18, 62, '2016-11-19', 8336.27, 0.00, '2016-11-19 06:17:50', '2016-11-19 06:17:50', NULL),
(19, 62, '2016-11-20', 0.00, 330.85, '2016-11-19 06:18:05', '2016-11-19 06:18:05', NULL),
(20, 62, '2016-11-20', 8334.15, 0.00, '2016-11-19 06:18:06', '2016-11-19 06:18:06', NULL),
(21, 62, '2016-11-21', 0.00, 248.00, '2016-11-19 06:18:22', '2016-11-19 06:18:22', NULL),
(22, 62, '2016-11-21', 8337.00, 0.00, '2016-11-19 06:18:22', '2016-11-19 06:18:22', NULL),
(23, 62, '2016-11-22', 0.00, 165.12, '2016-11-19 06:18:36', '2016-11-19 06:18:36', NULL),
(24, 62, '2016-11-22', 8334.88, 0.00, '2016-11-19 06:18:37', '2016-11-19 06:18:37', NULL),
(25, 62, '2016-11-24', 0.00, 82.26, '2016-11-19 06:18:52', '2016-11-19 06:18:52', NULL),
(26, 62, '2016-11-24', 8332.74, 0.00, '2016-11-19 06:18:52', '2016-11-19 06:18:52', NULL),
(27, 62, '2016-11-25', 0.00, -0.57, '2016-11-19 06:19:07', '2016-11-19 06:19:07', NULL),
(28, 62, '2016-11-25', 8330.57, 0.00, '2016-11-19 06:19:07', '2016-11-19 06:19:07', NULL),
(29, 62, '2016-11-27', 0.00, -83.39, '2016-11-19 06:19:31', '2016-11-19 06:19:31', NULL),
(30, 62, '2016-11-27', 608.39, 0.00, '2016-11-19 06:19:31', '2016-11-19 06:19:31', NULL),
(31, 63, '2016-11-21', 0.00, 3600.00, '2016-11-19 06:32:10', '2016-11-19 06:32:10', NULL),
(32, 63, '2016-11-21', 10000.00, 0.00, '2016-11-19 06:32:10', '2016-11-19 06:32:10', NULL),
(33, 63, '2016-11-22', 0.00, 2880.00, '2016-11-19 06:32:34', '2016-11-19 06:32:34', NULL),
(34, 63, '2016-11-22', 10000.00, 0.00, '2016-11-19 06:32:34', '2016-11-19 06:32:34', NULL),
(35, 63, '2016-11-23', 0.00, 1980.00, '2016-11-19 06:32:47', '2016-11-19 06:32:47', NULL),
(36, 63, '2016-11-23', 10000.00, 0.00, '2016-11-19 06:32:48', '2016-11-19 06:32:48', NULL),
(37, 63, '2016-11-26', 0.00, 780.00, '2016-11-19 06:33:04', '2016-11-19 06:33:04', NULL),
(38, 63, '2016-11-26', 10000.00, 0.00, '2016-11-19 06:33:04', '2016-11-19 06:33:04', NULL),
(39, 63, '2016-11-27', 0.00, 0.00, '2016-11-19 06:33:21', '2016-11-19 06:33:21', NULL),
(40, 63, '2016-11-27', 10000.00, 0.00, '2016-11-19 06:33:21', '2016-11-19 06:33:21', NULL),
(41, 63, '2016-11-28', 0.00, 0.00, '2016-11-19 06:33:38', '2016-11-19 06:33:38', NULL),
(42, 63, '2016-11-28', 10000.00, 0.00, '2016-11-19 06:33:39', '2016-11-19 06:33:39', NULL),
(43, 63, '2016-11-29', 0.00, 0.00, '2016-11-19 06:34:06', '2016-11-19 06:34:06', NULL),
(44, 63, '2016-11-29', 12360.00, 0.00, '2016-11-19 06:34:06', '2016-11-19 06:34:06', NULL),
(45, 66, '2016-11-23', 0.00, 893.65, '2016-11-23 10:47:05', '2016-11-23 10:47:05', NULL),
(46, 66, '2016-11-23', 18001.35, 0.00, '2016-11-23 10:47:05', '2016-11-23 10:47:05', NULL),
(47, 66, '2016-11-24', 0.00, 714.69, '2016-11-23 11:15:12', '2016-11-23 11:15:12', NULL),
(48, 66, '2016-11-24', 18005.31, 0.00, '2016-11-23 11:15:13', '2016-11-23 11:15:13', NULL),
(49, 66, '2016-11-25', 0.00, 535.70, '2016-11-23 11:15:34', '2016-11-23 11:15:34', NULL),
(50, 66, '2016-11-25', 18064.30, 0.00, '2016-11-23 11:15:35', '2016-11-23 11:15:35', NULL),
(51, 66, '2016-11-26', 0.00, 356.12, '2016-11-23 11:15:49', '2016-11-23 11:15:49', NULL),
(52, 66, '2016-11-26', 18143.88, 0.00, '2016-11-23 11:15:49', '2016-11-23 11:15:49', NULL),
(53, 66, '2016-11-27', 0.00, 175.75, '2016-11-23 11:16:05', '2016-11-23 11:16:05', NULL),
(54, 66, '2016-11-27', 17924.25, 0.00, '2016-11-23 11:16:05', '2016-11-23 11:16:05', NULL),
(55, 66, '2016-11-28', 0.00, -2.44, '2016-11-23 11:16:24', '2016-11-23 11:16:24', NULL),
(56, 66, '2016-11-28', 17902.44, 0.00, '2016-11-23 11:16:24', '2016-11-23 11:16:24', NULL),
(57, 66, '2016-11-30', 0.00, -180.41, '2016-11-23 11:17:02', '2016-11-23 11:17:02', NULL),
(58, 66, '2016-11-30', 1380.41, 0.00, '2016-11-23 11:17:03', '2016-11-23 11:17:03', NULL),
(59, 68, '2016-11-26', 0.00, 3963.25, '2016-11-26 02:24:41', '2016-11-26 02:24:41', NULL),
(60, 68, '2016-11-26', 6251.75, 0.00, '2016-11-26 02:24:41', '2016-11-26 02:24:41', NULL),
(61, 68, '2016-11-27', 0.00, 3601.63, '2016-11-26 02:25:03', '2016-11-26 02:25:03', NULL),
(62, 68, '2016-11-27', 6258.37, 0.00, '2016-11-26 02:25:04', '2016-11-26 02:25:04', NULL),
(63, 68, '2016-11-28', 0.00, 3239.63, '2016-11-26 08:56:42', '2016-11-26 08:56:42', NULL),
(64, 68, '2016-11-28', 6260.37, 0.00, '2016-11-26 08:56:42', '2016-11-26 08:56:42', NULL),
(65, 68, '2016-11-29', 0.00, 2877.50, '2016-11-26 08:57:05', '2016-11-26 08:57:05', NULL),
(66, 68, '2016-11-29', 6322.50, 0.00, '2016-11-26 08:57:06', '2016-11-26 08:57:06', NULL),
(67, 68, '2016-11-29', 0.00, 2511.79, '2016-11-26 08:57:38', '2016-11-26 08:57:38', NULL),
(68, 68, '2016-11-29', 6288.21, 0.00, '2016-11-26 08:57:38', '2016-11-26 08:57:38', NULL),
(69, 68, '2016-11-30', 0.00, 2148.06, '2016-11-26 08:58:05', '2016-11-26 08:58:05', NULL),
(70, 68, '2016-11-30', 6351.94, 0.00, '2016-11-26 08:58:05', '2016-11-26 08:58:05', NULL),
(71, 68, '2016-11-30', 0.00, 1780.64, '2016-11-26 08:58:22', '2016-11-26 08:58:22', NULL),
(72, 68, '2016-11-30', 6219.36, 0.00, '2016-11-26 08:58:22', '2016-11-26 08:58:22', NULL),
(73, 68, '2016-11-30', 0.00, 1420.89, '2016-11-26 08:58:40', '2016-11-26 08:58:40', NULL),
(74, 68, '2016-11-30', 6279.11, 0.00, '2016-11-26 08:58:40', '2016-11-26 08:58:40', NULL),
(75, 68, '2016-12-01', 0.00, 1057.69, '2016-11-26 08:59:00', '2016-11-26 08:59:00', NULL),
(76, 68, '2016-12-01', 6442.31, 0.00, '2016-11-26 08:59:00', '2016-11-26 08:59:00', NULL),
(77, 68, '2016-12-02', 0.00, 685.04, '2016-11-26 08:59:17', '2016-11-26 08:59:17', NULL),
(78, 68, '2016-12-02', 6114.96, 0.00, '2016-11-26 08:59:17', '2016-11-26 08:59:17', NULL),
(79, 68, '2016-12-03', 0.00, 331.33, '2016-11-26 08:59:39', '2016-11-26 08:59:39', NULL),
(80, 68, '2016-12-03', 6168.67, 0.00, '2016-11-26 08:59:40', '2016-11-26 08:59:40', NULL),
(81, 68, '2016-12-03', 0.00, -25.48, '2016-11-26 09:00:12', '2016-11-26 09:00:12', NULL),
(82, 68, '2016-12-03', 6045.48, 0.00, '2016-11-26 09:00:12', '2016-11-26 09:00:12', NULL),
(83, 68, '2016-12-05', 0.00, -375.18, '2016-11-26 09:01:33', '2016-11-26 09:01:33', NULL),
(84, 68, '2016-12-05', 9175.18, 0.00, '2016-11-26 09:01:33', '2016-11-26 09:01:33', NULL),
(85, 69, '2016-12-01', 0.00, 2389.91, '2016-11-27 05:48:46', '2016-11-27 05:48:46', NULL),
(86, 69, '2016-12-01', 8410.09, 0.00, '2016-11-27 05:48:46', '2016-11-27 05:48:46', NULL),
(87, 69, '2016-12-02', 0.00, 1903.82, '2016-11-27 05:49:10', '2016-11-27 05:49:10', NULL),
(88, 69, '2016-12-02', 8396.18, 0.00, '2016-11-27 05:49:10', '2016-11-27 05:49:10', NULL),
(89, 69, '2016-12-03', 0.00, 1418.54, '2016-11-27 05:49:34', '2016-11-27 05:49:34', NULL),
(90, 69, '2016-12-03', 7781.46, 0.00, '2016-11-27 05:49:34', '2016-11-27 05:49:34', NULL),
(91, 69, '2016-12-04', 0.00, 968.78, '2016-11-27 05:50:01', '2016-11-27 05:50:01', NULL),
(92, 69, '2016-12-04', 8531.22, 0.00, '2016-11-27 05:50:01', '2016-11-27 05:50:01', NULL),
(93, 69, '2016-12-05', 0.00, 475.70, '2016-11-27 05:50:28', '2016-11-27 05:50:28', NULL),
(94, 69, '2016-12-05', 8524.30, 0.00, '2016-11-27 05:50:29', '2016-11-27 05:50:29', NULL),
(95, 69, '2016-12-06', 0.00, -16.99, '2016-11-27 05:50:48', '2016-11-27 05:50:48', NULL),
(96, 69, '2016-12-06', 8516.99, 0.00, '2016-11-27 05:50:49', '2016-11-27 05:50:49', NULL),
(97, 69, '2016-12-08', 0.00, -509.26, '2016-11-27 05:51:20', '2016-11-27 05:51:20', NULL),
(98, 69, '2016-12-08', 4309.26, 0.00, '2016-11-27 05:51:20', '2016-11-27 05:51:20', NULL),
(99, 70, '2016-11-27', 0.00, 1241.18, '2016-11-27 10:43:46', '2016-11-27 10:43:46', NULL),
(100, 70, '2016-11-27', 28758.82, 0.00, '2016-11-27 10:43:46', '2016-11-27 10:43:46', NULL),
(101, 70, '2016-11-28', 0.00, 955.28, '2016-11-27 10:43:58', '2016-11-27 10:43:58', NULL),
(102, 70, '2016-11-28', 29044.72, 0.00, '2016-11-27 10:43:58', '2016-11-27 10:43:58', NULL),
(103, 70, '2016-11-29', 0.00, 666.54, '2016-11-27 10:44:09', '2016-11-27 10:44:09', NULL),
(104, 70, '2016-11-29', 29333.46, 0.00, '2016-11-27 10:44:09', '2016-11-27 10:44:09', NULL),
(105, 70, '2016-11-30', 0.00, 374.93, '2016-11-27 10:44:20', '2016-11-27 10:44:20', NULL),
(106, 70, '2016-11-30', 29625.07, 0.00, '2016-11-27 10:44:20', '2016-11-27 10:44:20', NULL),
(107, 70, '2016-12-01', 0.00, 80.42, '2016-11-27 10:44:32', '2016-11-27 10:44:32', NULL),
(108, 70, '2016-12-01', 29919.58, 0.00, '2016-11-27 10:44:32', '2016-11-27 10:44:32', NULL),
(109, 70, '2016-12-02', 0.00, -217.01, '2016-11-27 10:44:44', '2016-11-27 10:44:44', NULL),
(110, 70, '2016-12-02', 30217.01, 0.00, '2016-11-27 10:44:44', '2016-11-27 10:44:44', NULL);

-- --------------------------------------------------------

--
-- Table structure for table `x_loantransactions`
--

CREATE TABLE IF NOT EXISTS `x_loantransactions` (
`id` int(10) unsigned NOT NULL,
  `loanaccount_id` int(10) unsigned NOT NULL,
  `date` date NOT NULL,
  `description` varchar(255) COLLATE utf8_unicode_ci DEFAULT NULL,
  `trans_no` varchar(255) COLLATE utf8_unicode_ci DEFAULT NULL,
  `amount` decimal(15,2) NOT NULL DEFAULT '0.00',
  `type` varchar(255) COLLATE utf8_unicode_ci NOT NULL,
  `created_at` timestamp NOT NULL DEFAULT '0000-00-00 00:00:00',
  `updated_at` timestamp NOT NULL DEFAULT '0000-00-00 00:00:00'
) ENGINE=InnoDB  DEFAULT CHARSET=utf8 COLLATE=utf8_unicode_ci AUTO_INCREMENT=66 ;

--
-- Dumping data for table `x_loantransactions`
--

INSERT INTO `x_loantransactions` (`id`, `loanaccount_id`, `date`, `description`, `trans_no`, `amount`, `type`, `created_at`, `updated_at`) VALUES
(1, 59, '2016-11-16', 'loan disbursement', NULL, '51764.52', 'debit', '2016-11-15 18:59:46', '2016-11-15 18:59:46'),
(2, 59, '2016-11-18', 'loan repayment', NULL, '52765.52', 'credit', '2016-11-15 19:01:03', '2016-11-15 19:01:03'),
(3, 60, '2016-11-16', 'loan disbursement', NULL, '51764.52', 'debit', '2016-11-16 15:10:20', '2016-11-16 15:10:20'),
(4, 60, '2016-11-16', 'loan repayment', NULL, '51764.52', 'credit', '2016-11-16 16:34:22', '2016-11-16 16:34:22'),
(5, 61, '2016-11-18', 'loan disbursement', NULL, '51764.52', 'debit', '2016-11-17 04:33:48', '2016-11-17 04:33:48'),
(6, 61, '2016-11-19', 'loan repayment', NULL, '8850.98', 'credit', '2016-11-17 04:39:36', '2016-11-17 04:39:36'),
(7, 61, '2016-11-19', 'loan repayment', NULL, '8848.04', 'credit', '2016-11-17 04:40:03', '2016-11-17 04:40:03'),
(8, 61, '2016-11-18', 'loan repayment', NULL, '8845.10', 'credit', '2016-11-17 04:40:27', '2016-11-17 04:40:27'),
(9, 61, '2016-11-19', 'loan repayment', NULL, '8842.15', 'credit', '2016-11-17 04:40:52', '2016-11-17 04:40:52'),
(10, 61, '2016-11-19', 'loan repayment', NULL, '8839.21', 'credit', '2016-11-17 04:41:14', '2016-11-17 04:41:14'),
(11, 61, '2016-11-19', 'loan repayment', NULL, '8836.27', 'credit', '2016-11-17 04:41:34', '2016-11-17 04:41:34'),
(12, 62, '2016-11-19', 'loan disbursement', NULL, '51764.52', 'debit', '2016-11-19 06:17:10', '2016-11-19 06:17:10'),
(13, 62, '2016-11-19', 'loan repayment', NULL, '8750.00', 'credit', '2016-11-19 06:17:50', '2016-11-19 06:17:50'),
(14, 62, '2016-11-20', 'loan repayment', NULL, '8665.00', 'credit', '2016-11-19 06:18:06', '2016-11-19 06:18:06'),
(15, 62, '2016-11-21', 'loan repayment', NULL, '8585.00', 'credit', '2016-11-19 06:18:22', '2016-11-19 06:18:22'),
(16, 62, '2016-11-22', 'loan repayment', NULL, '8500.00', 'credit', '2016-11-19 06:18:37', '2016-11-19 06:18:37'),
(17, 62, '2016-11-24', 'loan repayment', NULL, '8415.00', 'credit', '2016-11-19 06:18:52', '2016-11-19 06:18:52'),
(18, 62, '2016-11-25', 'loan repayment', NULL, '8330.00', 'credit', '2016-11-19 06:19:07', '2016-11-19 06:19:07'),
(19, 62, '2016-11-27', 'loan repayment', NULL, '525.00', 'credit', '2016-11-19 06:19:31', '2016-11-19 06:19:31'),
(20, 63, '2016-11-19', 'loan disbursement', NULL, '81600.00', 'debit', '2016-11-19 06:31:32', '2016-11-19 06:31:32'),
(21, 63, '2016-11-21', 'loan repayment', NULL, '13600.00', 'credit', '2016-11-19 06:32:11', '2016-11-19 06:32:11'),
(22, 63, '2016-11-22', 'loan repayment', NULL, '12880.00', 'credit', '2016-11-19 06:32:35', '2016-11-19 06:32:35'),
(23, 63, '2016-11-23', 'loan repayment', NULL, '11980.00', 'credit', '2016-11-19 06:32:48', '2016-11-19 06:32:48'),
(24, 63, '2016-11-26', 'loan repayment', NULL, '10780.00', 'credit', '2016-11-19 06:33:04', '2016-11-19 06:33:04'),
(25, 63, '2016-11-27', 'loan repayment', NULL, '10000.00', 'credit', '2016-11-19 06:33:22', '2016-11-19 06:33:22'),
(26, 63, '2016-11-28', 'loan repayment', NULL, '10000.00', 'credit', '2016-11-19 06:33:39', '2016-11-19 06:33:39'),
(27, 63, '2016-11-29', 'loan repayment', NULL, '12360.00', 'credit', '2016-11-19 06:34:06', '2016-11-19 06:34:06'),
(28, 66, '2016-11-23', 'loan disbursement', NULL, '111811.32', 'debit', '2016-11-23 10:39:56', '2016-11-23 10:39:56'),
(29, 66, '2016-11-23', 'loan repayment', NULL, '18895.00', 'credit', '2016-11-23 10:47:05', '2016-11-23 10:47:05'),
(30, 66, '2016-11-24', 'loan repayment', NULL, '18720.00', 'credit', '2016-11-23 11:15:13', '2016-11-23 11:15:13'),
(31, 66, '2016-11-25', 'loan repayment', NULL, '18600.00', 'credit', '2016-11-23 11:15:35', '2016-11-23 11:15:35'),
(32, 66, '2016-11-26', 'loan repayment', NULL, '18500.00', 'credit', '2016-11-23 11:15:50', '2016-11-23 11:15:50'),
(33, 66, '2016-11-27', 'loan repayment', NULL, '18100.00', 'credit', '2016-11-23 11:16:06', '2016-11-23 11:16:06'),
(34, 66, '2016-11-28', 'loan repayment', NULL, '17900.00', 'credit', '2016-11-23 11:16:25', '2016-11-23 11:16:25'),
(35, 66, '2016-11-30', 'loan repayment', NULL, '1200.00', 'credit', '2016-11-23 11:17:03', '2016-11-23 11:17:03'),
(36, 67, '2016-11-24', 'loan disbursement', NULL, '111811.32', 'debit', '2016-11-24 05:21:15', '2016-11-24 05:21:15'),
(37, 68, '2016-11-26', 'loan disbursement', NULL, '107349.36', 'debit', '2016-11-26 02:22:31', '2016-11-26 02:22:31'),
(38, 68, '2016-11-26', 'loan repayment', NULL, '10215.00', 'credit', '2016-11-26 02:24:41', '2016-11-26 02:24:41'),
(39, 68, '2016-11-27', 'loan repayment', NULL, '9860.00', 'credit', '2016-11-26 02:25:04', '2016-11-26 02:25:04'),
(40, 68, '2016-11-28', 'loan repayment', NULL, '9500.00', 'credit', '2016-11-26 08:56:42', '2016-11-26 08:56:42'),
(41, 68, '2016-11-29', 'loan repayment', NULL, '9200.00', 'credit', '2016-11-26 08:57:06', '2016-11-26 08:57:06'),
(42, 68, '2016-11-29', 'loan repayment', NULL, '8800.00', 'credit', '2016-11-26 08:57:38', '2016-11-26 08:57:38'),
(43, 68, '2016-11-30', 'loan repayment', NULL, '8500.00', 'credit', '2016-11-26 08:58:06', '2016-11-26 08:58:06'),
(44, 68, '2016-11-30', 'loan repayment', NULL, '8000.00', 'credit', '2016-11-26 08:58:22', '2016-11-26 08:58:22'),
(45, 68, '2016-11-30', 'loan repayment', NULL, '7700.00', 'credit', '2016-11-26 08:58:40', '2016-11-26 08:58:40'),
(46, 68, '2016-12-01', 'loan repayment', NULL, '7500.00', 'credit', '2016-11-26 08:59:00', '2016-11-26 08:59:00'),
(47, 68, '2016-12-02', 'loan repayment', NULL, '6800.00', 'credit', '2016-11-26 08:59:17', '2016-11-26 08:59:17'),
(48, 68, '2016-12-03', 'loan repayment', NULL, '6500.00', 'credit', '2016-11-26 08:59:40', '2016-11-26 08:59:40'),
(49, 68, '2016-12-03', 'loan repayment', NULL, '6020.00', 'credit', '2016-11-26 09:00:13', '2016-11-26 09:00:13'),
(50, 68, '2016-12-05', 'loan repayment', NULL, '8800.00', 'credit', '2016-11-26 09:01:34', '2016-11-26 09:01:34'),
(51, 69, '2016-11-27', 'loan disbursement', NULL, '61008.78', 'debit', '2016-11-27 05:48:07', '2016-11-27 05:48:07'),
(52, 69, '2016-12-01', 'loan repayment', NULL, '10800.00', 'credit', '2016-11-27 05:48:46', '2016-11-27 05:48:46'),
(53, 69, '2016-12-02', 'loan repayment', NULL, '10300.00', 'credit', '2016-11-27 05:49:10', '2016-11-27 05:49:10'),
(54, 69, '2016-12-03', 'loan repayment', NULL, '9200.00', 'credit', '2016-11-27 05:49:34', '2016-11-27 05:49:34'),
(55, 69, '2016-12-04', 'loan repayment', NULL, '9500.00', 'credit', '2016-11-27 05:50:01', '2016-11-27 05:50:01'),
(56, 69, '2016-12-05', 'loan repayment', NULL, '9000.00', 'credit', '2016-11-27 05:50:29', '2016-11-27 05:50:29'),
(57, 69, '2016-12-06', 'loan repayment', NULL, '8500.00', 'credit', '2016-11-27 05:50:49', '2016-11-27 05:50:49'),
(58, 69, '2016-12-08', 'loan repayment', NULL, '3800.00', 'credit', '2016-11-27 05:51:20', '2016-11-27 05:51:20'),
(59, 70, '2016-11-27', 'loan disbursement', NULL, '155293.56', 'debit', '2016-11-27 10:41:01', '2016-11-27 10:41:01'),
(60, 70, '2016-11-27', 'loan repayment', NULL, '30000.00', 'credit', '2016-11-27 10:43:47', '2016-11-27 10:43:47'),
(61, 70, '2016-11-28', 'loan repayment', NULL, '30000.00', 'credit', '2016-11-27 10:43:58', '2016-11-27 10:43:58'),
(62, 70, '2016-11-29', 'loan repayment', NULL, '30000.00', 'credit', '2016-11-27 10:44:09', '2016-11-27 10:44:09'),
(63, 70, '2016-11-30', 'loan repayment', NULL, '30000.00', 'credit', '2016-11-27 10:44:20', '2016-11-27 10:44:20'),
(64, 70, '2016-12-01', 'loan repayment', NULL, '30000.00', 'credit', '2016-11-27 10:44:32', '2016-11-27 10:44:32'),
(65, 70, '2016-12-02', 'loan repayment', NULL, '30000.00', 'credit', '2016-11-27 10:44:44', '2016-11-27 10:44:44');

-- --------------------------------------------------------

--
-- Table structure for table `x_matrices`
--

CREATE TABLE IF NOT EXISTS `x_matrices` (
`id` int(10) unsigned NOT NULL,
  `name` varchar(255) COLLATE utf8_unicode_ci NOT NULL,
  `maximum` decimal(15,2) NOT NULL,
  `description` varchar(255) COLLATE utf8_unicode_ci NOT NULL,
  `created_at` timestamp NOT NULL DEFAULT '0000-00-00 00:00:00',
  `updated_at` timestamp NOT NULL DEFAULT '0000-00-00 00:00:00'
) ENGINE=InnoDB  DEFAULT CHARSET=utf8 COLLATE=utf8_unicode_ci AUTO_INCREMENT=2 ;

--
-- Dumping data for table `x_matrices`
--

INSERT INTO `x_matrices` (`id`, `name`, `maximum`, `description`, `created_at`, `updated_at`) VALUES
(1, 'TITLE DEED', '5000000.00', '                                                Land title deed used as a loan security.                    \r\n                    \r\n                    \r\n                    \r\n                    ', '2016-11-15 04:51:38', '2016-11-15 05:30:56');

-- --------------------------------------------------------

--
-- Table structure for table `x_members`
--

CREATE TABLE IF NOT EXISTS `x_members` (
`id` int(10) unsigned NOT NULL,
  `name` varchar(255) COLLATE utf8_unicode_ci NOT NULL,
  `membership_no` varchar(255) COLLATE utf8_unicode_ci NOT NULL,
  `photo` varchar(255) COLLATE utf8_unicode_ci NOT NULL DEFAULT 'default_photo.png',
  `signature` varchar(255) COLLATE utf8_unicode_ci DEFAULT NULL,
  `gender` varchar(255) COLLATE utf8_unicode_ci DEFAULT NULL,
  `id_number` bigint(20) DEFAULT NULL,
  `phone` varchar(255) COLLATE utf8_unicode_ci DEFAULT NULL,
  `bank_id` int(11) DEFAULT NULL,
  `bank_branch_id` int(11) DEFAULT NULL,
  `bank_account_number` varchar(255) COLLATE utf8_unicode_ci DEFAULT NULL,
  `email` varchar(255) COLLATE utf8_unicode_ci DEFAULT NULL,
  `address` text COLLATE utf8_unicode_ci,
  `group_id` int(10) unsigned DEFAULT NULL,
  `branch_id` int(10) unsigned NOT NULL,
  `monthly_remittance_amount` float(15,2) DEFAULT NULL,
  `created_at` timestamp NOT NULL DEFAULT '0000-00-00 00:00:00',
  `updated_at` timestamp NOT NULL DEFAULT '0000-00-00 00:00:00',
  `is_active` tinyint(1) DEFAULT '1',
  `is_css_active` tinyint(1) DEFAULT '0'
) ENGINE=InnoDB  DEFAULT CHARSET=utf8 COLLATE=utf8_unicode_ci AUTO_INCREMENT=12 ;

--
-- Dumping data for table `x_members`
--

INSERT INTO `x_members` (`id`, `name`, `membership_no`, `photo`, `signature`, `gender`, `id_number`, `phone`, `bank_id`, `bank_branch_id`, `bank_account_number`, `email`, `address`, `group_id`, `branch_id`, `monthly_remittance_amount`, `created_at`, `updated_at`, `is_active`, `is_css_active`) VALUES
(1, 'Crispus Cheruiyot', 'LTL1', 'MmvdbngBYyl9.jpg', 'rvvhs87Xu2GC.jpg', 'M', 27757671, '0710411226', 2, 3, '02015368475', 'chrispus.cheruiyot@lixnet.net', '270', 1, 1, 251520.00, '0000-00-00 00:00:00', '2016-11-26 02:15:23', 1, 1),
(2, 'Jacob Chumo', 'LTL2', '', '', 'M', 27384844, '716273633', NULL, NULL, NULL, 'jacob.chumo@lixnet.net', '332', 1, 1, 6000.00, '0000-00-00 00:00:00', '0000-00-00 00:00:00', 1, 1),
(3, 'Josephine Ayienda', 'LTL3', '', '', 'F', 28847585, '720338844', NULL, NULL, NULL, 'josephine.ayienda@lixnet.net', '442', 1, 1, 7000.00, '0000-00-00 00:00:00', '0000-00-00 00:00:00', 1, 1),
(4, 'Lamech Aondo', 'LTL4', '8iEDsqURB8mt.jpg', 'mpfQupNwp07a.jpg', 'M', 25948585, '724947733', 1, 1, '0200586475', 'lamech.aondo@lixnet.net', '445', 1, 1, 8000.00, '0000-00-00 00:00:00', '2016-11-11 04:15:18', 1, 1),
(5, 'Rahab Nyangugi', 'LTL5', '', '', 'F', 29585748, '716448223', NULL, NULL, NULL, 'rahab.nyangugi@lixnet.net', '545', 1, 1, 9000.00, '0000-00-00 00:00:00', '0000-00-00 00:00:00', 1, 1),
(6, 'Ken Wango', 'LTL6', '', '', 'M', 27757676, '725939444', NULL, NULL, NULL, 'ken.wango@lixnet.net', '454', 1, 1, 10000.00, '0000-00-00 00:00:00', '0000-00-00 00:00:00', 1, 1),
(7, 'George Ajode', 'LTL7', '', '', 'M', 27484944, '716484434', NULL, NULL, NULL, 'george.ajode@lixnet.net', '564', 1, 1, 11000.00, '0000-00-00 00:00:00', '0000-00-00 00:00:00', 1, 1),
(8, 'Mary Wanja', 'LTL8', 'default_photo.png', NULL, 'F', 29484944, '0723837484', 0, 0, '', '', '', 1, 1, 3000.00, '2016-09-13 06:05:00', '2016-09-13 06:05:00', 1, 0),
(9, 'kelvin Makamu', 'LS009', 'default_photo.png', NULL, 'M', 0, '0729683817', 0, 0, '', 'makamu3pmkelvin@gmail.com', '', 1, 1, 2000.00, '2016-10-10 06:39:35', '2016-10-10 06:39:35', 1, 0),
(10, 'Samwel Kelvins', 'LS.010', 'rNcCP4ZqaRIa.png', 'WwKttvsZ3wPP.PNG', 'M', 21589467, '0748425671', 1, 1, '01125698474', 'kelvins@yahoo.com', '245134', 1, 1, 1500.00, '2016-10-31 08:31:10', '2016-11-11 03:54:05', 1, 1),
(11, 'Fredrick Namasake', 'LS.011', 'QAguzL8Dl6e7.jpg', 'WI30viAEC2QQ.jpg', 'M', 31965124, '0715482689', 2, 3, '030451785142', 'freddy@gmail.com', '32456-00200, Nairobi', 3, 3, 15000.00, '2016-11-26 10:27:58', '2016-11-26 10:27:58', 1, 0);

-- --------------------------------------------------------

--
-- Table structure for table `x_migrations`
--

CREATE TABLE IF NOT EXISTS `x_migrations` (
  `migration` varchar(255) COLLATE utf8_unicode_ci NOT NULL,
  `batch` int(11) NOT NULL
) ENGINE=InnoDB DEFAULT CHARSET=utf8 COLLATE=utf8_unicode_ci;

--
-- Dumping data for table `x_migrations`
--

INSERT INTO `x_migrations` (`migration`, `batch`) VALUES
('2015_11_13_192002_create_x_accounts_table', 1),
('2015_11_13_192002_create_x_assigned_roles_table', 1),
('2015_11_13_192002_create_x_audits_table', 1),
('2015_11_13_192002_create_x_branches_table', 1),
('2015_11_13_192002_create_x_categories_table', 1),
('2015_11_13_192002_create_x_charge_loanproduct_table', 1),
('2015_11_13_192002_create_x_charge_savingproduct_table', 1),
('2015_11_13_192002_create_x_charges_table', 1),
('2015_11_13_192002_create_x_currencies_table', 1),
('2015_11_13_192002_create_x_groups_table', 1),
('2015_11_13_192002_create_x_journals_table', 1),
('2015_11_13_192002_create_x_kins_table', 1),
('2015_11_13_192002_create_x_loanaccounts_table', 1),
('2015_11_13_192002_create_x_loanguarantors_table', 1),
('2015_11_13_192002_create_x_loanpostings_table', 1),
('2015_11_13_192002_create_x_loanproducts_table', 1),
('2015_11_13_192002_create_x_loanrepayments_table', 1),
('2015_11_13_192002_create_x_loantransactions_table', 1),
('2015_11_13_192002_create_x_members_table', 1),
('2015_11_13_192002_create_x_orders_table', 1),
('2015_11_13_192002_create_x_organizations_table', 1),
('2015_11_13_192002_create_x_password_reminders_table', 1),
('2015_11_13_192002_create_x_permission_role_table', 1),
('2015_11_13_192002_create_x_permissions_table', 1),
('2015_11_13_192002_create_x_products_table', 1),
('2015_11_13_192002_create_x_roles_table', 1),
('2015_11_13_192002_create_x_savingaccounts_table', 1),
('2015_11_13_192002_create_x_savingpostings_table', 1),
('2015_11_13_192002_create_x_savingproducts_table', 1),
('2015_11_13_192002_create_x_savingtransactions_table', 1),
('2015_11_13_192002_create_x_shareaccounts_table', 1),
('2015_11_13_192002_create_x_shares_table', 1),
('2015_11_13_192002_create_x_sharetransactions_table', 1),
('2015_11_13_192002_create_x_user_role_table', 1),
('2015_11_13_192002_create_x_users_table', 1),
('2015_11_13_192002_create_x_vendors_table', 1),
('2015_11_13_192006_add_foreign_keys_to_x_assigned_roles_table', 1),
('2015_11_13_192006_add_foreign_keys_to_x_charge_loanproduct_table', 1),
('2015_11_13_192006_add_foreign_keys_to_x_charge_savingproduct_table', 1),
('2015_11_13_192006_add_foreign_keys_to_x_journals_table', 1),
('2015_11_13_192006_add_foreign_keys_to_x_kins_table', 1),
('2015_11_13_192006_add_foreign_keys_to_x_loanaccounts_table', 1),
('2015_11_13_192006_add_foreign_keys_to_x_loanguarantors_table', 1),
('2015_11_13_192006_add_foreign_keys_to_x_loanpostings_table', 1),
('2015_11_13_192006_add_foreign_keys_to_x_loanrepayments_table', 1),
('2015_11_13_192006_add_foreign_keys_to_x_loantransactions_table', 1),
('2015_11_13_192006_add_foreign_keys_to_x_members_table', 1),
('2015_11_13_192006_add_foreign_keys_to_x_orders_table', 1),
('2015_11_13_192006_add_foreign_keys_to_x_permission_role_table', 1),
('2015_11_13_192006_add_foreign_keys_to_x_products_table', 1),
('2015_11_13_192006_add_foreign_keys_to_x_savingaccounts_table', 1),
('2015_11_13_192006_add_foreign_keys_to_x_savingpostings_table', 1),
('2015_11_13_192006_add_foreign_keys_to_x_savingtransactions_table', 1),
('2015_11_13_192006_add_foreign_keys_to_x_shareaccounts_table', 1),
('2015_11_13_192006_add_foreign_keys_to_x_sharetransactions_table', 1),
('2015_11_13_192006_add_foreign_keys_to_x_user_role_table', 1),
('2015_11_13_192006_add_foreign_keys_to_x_users_table', 1),
('2015_11_20_083755_create_autoprocesses_table', 1),
('2015_11_13_192000_create_x_banks_table', 2),
('2015_11_13_192002_create_x_bank_branches_table', 2),
('2015_11_13_192002_create_x_documents_table', 2),
('2015_11_13_192006_add_foreign_keys_to_x_documents_table', 2),
('2016_10_14_074749_AddingBooleanColumnsToLoanacountsTable', 3),
('2016_10_17_120114_AddAuto_loan_limitColumnToTableloanproducts', 4),
('2016_10_17_120623_AddAuto_loan_limitColumnToTableloanproducts222', 5),
('2016_10_26_122625_addStatusColumnonLoanAccounts', 6),
('2016_11_01_121830_DisburseRelation', 7),
('2016_11_02_074520_AddDsbursementIDtoLoanAccounts', 8),
('2016_11_09_202904_AddContactColumnToKInsTable', 9),
('2016_11_10_103509_AddInvestmentAndValuationRelations', 9),
('2016_11_15_072123_AddMatricesTable', 10),
('2016_11_15_102638_AddColumnsToLoanaccounts', 11),
('2016_11_16_192536_AddDefault_PeriodColumn', 12),
('2016_11_16_200552_AddInvestcategoriesRelation', 13),
('2016_11_16_205804_addcategoryidtoinvestments', 14),
('2016_11_17_113345_AddProjectsRelation', 15),
('2016_11_17_114012_AddProjectOrdersRelation', 16),
('2016_11_17_134134_AddRejectionFlagstoProjectordersRelation', 17),
('2016_11_17_192923_AddProjectIDColumn', 18),
('2016_11_23_114219_AddPaymentMOdeColumnProjectOrdersRelation', 19),
('2016_11_27_150200_ADDTABLERE', 20);

-- --------------------------------------------------------

--
-- Table structure for table `x_orders`
--

CREATE TABLE IF NOT EXISTS `x_orders` (
`id` int(10) unsigned NOT NULL,
  `product_id` int(10) unsigned NOT NULL,
  `order_date` date NOT NULL,
  `customer_name` varchar(255) COLLATE utf8_unicode_ci NOT NULL,
  `sacco` varchar(255) COLLATE utf8_unicode_ci DEFAULT NULL,
  `customer_phone` varchar(255) COLLATE utf8_unicode_ci DEFAULT NULL,
  `customer_number` varchar(255) COLLATE utf8_unicode_ci DEFAULT NULL,
  `status` varchar(255) COLLATE utf8_unicode_ci NOT NULL DEFAULT 'new',
  `created_at` timestamp NOT NULL DEFAULT '0000-00-00 00:00:00',
  `updated_at` timestamp NOT NULL DEFAULT '0000-00-00 00:00:00'
) ENGINE=InnoDB DEFAULT CHARSET=utf8 COLLATE=utf8_unicode_ci AUTO_INCREMENT=1 ;

-- --------------------------------------------------------

--
-- Table structure for table `x_organizations`
--

CREATE TABLE IF NOT EXISTS `x_organizations` (
`id` int(10) unsigned NOT NULL,
  `name` varchar(255) COLLATE utf8_unicode_ci DEFAULT 'XARA CBS',
  `logo` varchar(255) COLLATE utf8_unicode_ci DEFAULT NULL,
  `email` varchar(255) COLLATE utf8_unicode_ci DEFAULT NULL,
  `website` varchar(255) COLLATE utf8_unicode_ci DEFAULT NULL,
  `address` varchar(255) COLLATE utf8_unicode_ci DEFAULT NULL,
  `phone` varchar(255) COLLATE utf8_unicode_ci DEFAULT NULL,
  `created_at` timestamp NOT NULL DEFAULT '0000-00-00 00:00:00',
  `updated_at` timestamp NOT NULL DEFAULT '0000-00-00 00:00:00',
  `license_type` varchar(20) COLLATE utf8_unicode_ci DEFAULT 'evaluation',
  `license_code` varchar(255) COLLATE utf8_unicode_ci DEFAULT NULL,
  `license_key` varchar(255) COLLATE utf8_unicode_ci DEFAULT NULL,
  `licensed` bigint(20) DEFAULT '100'
) ENGINE=InnoDB  DEFAULT CHARSET=utf8 COLLATE=utf8_unicode_ci AUTO_INCREMENT=3 ;

--
-- Dumping data for table `x_organizations`
--

INSERT INTO `x_organizations` (`id`, `name`, `logo`, `email`, `website`, `address`, `phone`, `created_at`, `updated_at`, `license_type`, `license_code`, `license_key`, `licensed`) VALUES
(1, 'Lixnet Sacco', NULL, 'info@lixnet.net', 'www.lixnet.net', '32050-00100 Ngong Road, Riara Center', '0205794152', '2016-06-20 06:34:54', '2016-11-12 05:54:43', 'evaluation', '0BFSPFUAD3', NULL, 100),
(2, NULL, NULL, NULL, NULL, NULL, NULL, '2016-08-09 05:19:09', '2016-08-09 05:19:09', 'evaluation', NULL, NULL, 100);

-- --------------------------------------------------------

--
-- Table structure for table `x_password_reminders`
--

CREATE TABLE IF NOT EXISTS `x_password_reminders` (
  `email` varchar(255) COLLATE utf8_unicode_ci NOT NULL,
  `token` varchar(255) COLLATE utf8_unicode_ci NOT NULL,
  `created_at` datetime NOT NULL DEFAULT '0000-00-00 00:00:00'
) ENGINE=InnoDB DEFAULT CHARSET=utf8 COLLATE=utf8_unicode_ci;

--
-- Dumping data for table `x_password_reminders`
--

INSERT INTO `x_password_reminders` (`email`, `token`, `created_at`) VALUES
('makamu3pmkelvin@gmail.com', '0bdfaea6c88114626a55f0dc649a93c8', '2016-10-10 09:24:53'),
('makamu3pmkelvin@gmail.com', '3d4b5dc3854caed8b0d850c8e0b6ab63', '2016-10-31 11:07:01');

-- --------------------------------------------------------

--
-- Table structure for table `x_permissions`
--

CREATE TABLE IF NOT EXISTS `x_permissions` (
`id` int(10) unsigned NOT NULL,
  `name` varchar(255) COLLATE utf8_unicode_ci NOT NULL,
  `display_name` varchar(255) COLLATE utf8_unicode_ci NOT NULL,
  `category` varchar(255) COLLATE utf8_unicode_ci NOT NULL,
  `created_at` timestamp NOT NULL DEFAULT '0000-00-00 00:00:00',
  `updated_at` timestamp NOT NULL DEFAULT '0000-00-00 00:00:00'
) ENGINE=InnoDB  DEFAULT CHARSET=utf8 COLLATE=utf8_unicode_ci AUTO_INCREMENT=26 ;

--
-- Dumping data for table `x_permissions`
--

INSERT INTO `x_permissions` (`id`, `name`, `display_name`, `category`, `created_at`, `updated_at`) VALUES
(1, 'edit_loan_product', 'edit loan products', 'Loanproduct', '2016-06-20 06:34:55', '2016-06-20 06:34:55'),
(2, 'view_loan_product', 'view loan products', 'Loanproduct', '2016-06-20 06:34:55', '2016-06-20 06:34:55'),
(3, 'delete_loan_product', 'delete loan products', 'Loanproduct', '2016-06-20 06:34:55', '2016-06-20 06:34:55'),
(4, 'create_loan_account', 'create loan account', 'Loanaccount', '2016-06-20 06:34:55', '2016-06-20 06:34:55'),
(5, 'view_loan_account', 'view loan account', 'Loanaccount', '2016-06-20 06:34:55', '2016-06-20 06:34:55'),
(6, 'approve_loan_account', 'approve loan', 'Loanaccount', '2016-06-20 06:34:55', '2016-06-20 06:34:55'),
(7, 'create_savingproduct', 'create  Product', 'Savingproduct', '2016-06-20 06:34:55', '2016-06-20 06:34:55'),
(8, 'view_savingproduct', 'view  Product', 'Savingproduct', '2016-06-20 06:34:55', '2016-06-20 06:34:55'),
(9, 'delete_savingproduct', 'Delete Product', 'Savingproduct', '2016-06-20 06:34:55', '2016-06-20 06:34:55'),
(10, 'disburse_loan', 'disburse loan', 'Loanaccount', '2016-06-20 06:34:55', '2016-06-20 06:34:55'),
(11, 'view_savings_account', 'view savings account', 'Savingaccount', '2016-06-20 06:34:55', '2016-06-20 06:34:55'),
(12, 'open_saving_account', 'Open savings account', 'Savingaccount', '2016-06-20 06:34:55', '2016-06-20 06:34:55'),
(13, 'create_member', 'Create Member', 'Member', '2016-06-20 06:34:55', '2016-06-20 06:34:55'),
(14, 'deactivate_member', 'Deactivate Member', 'Member', '2016-06-20 06:34:55', '2016-06-20 06:34:55'),
(15, 'update_member', 'Update Member', 'Member', '2016-06-20 06:34:55', '2016-06-20 06:34:55'),
(16, 'view_users', 'View users', 'Users', '2016-06-20 06:34:55', '2016-06-20 06:34:55'),
(17, 'create_users', 'Create users', 'Users', '2016-06-20 06:34:55', '2016-06-20 06:34:55'),
(18, 'deactivate_users', 'Deactivate users', 'Users', '2016-06-20 06:34:56', '2016-06-20 06:34:56'),
(19, 'create_roles', 'Create roles', 'Roles', '2016-06-20 06:34:56', '2016-06-20 06:34:56'),
(20, 'view_roles', 'View roles', 'Roles', '2016-06-20 06:34:56', '2016-06-20 06:34:56'),
(21, 'deactivate_roles', 'Deactivate roles', 'Roles', '2016-06-20 06:34:56', '2016-06-20 06:34:56'),
(22, 'create_accounts', 'Create Accounts', 'Accounting', '2016-06-20 06:34:56', '2016-06-20 06:34:56'),
(23, 'view_accounts', 'View Accounts', 'Accounting', '2016-06-20 06:34:56', '2016-06-20 06:34:56'),
(24, 'deactivate_accounts', 'Deactivate Accounts', 'Accounting', '2016-06-20 06:34:56', '2016-06-20 06:34:56'),
(25, 'create_journal', 'Create Journal Entry', 'Accounting', '2016-06-20 06:34:56', '2016-06-20 06:34:56');

-- --------------------------------------------------------

--
-- Table structure for table `x_permission_role`
--

CREATE TABLE IF NOT EXISTS `x_permission_role` (
`id` int(10) unsigned NOT NULL,
  `permission_id` int(10) unsigned NOT NULL,
  `role_id` int(10) unsigned NOT NULL
) ENGINE=InnoDB  DEFAULT CHARSET=utf8 COLLATE=utf8_unicode_ci AUTO_INCREMENT=8 ;

--
-- Dumping data for table `x_permission_role`
--

INSERT INTO `x_permission_role` (`id`, `permission_id`, `role_id`) VALUES
(1, 1, 1),
(2, 2, 1),
(3, 3, 1),
(4, 4, 1),
(5, 5, 1),
(6, 6, 1),
(7, 10, 1);

-- --------------------------------------------------------

--
-- Table structure for table `x_products`
--

CREATE TABLE IF NOT EXISTS `x_products` (
`id` int(10) unsigned NOT NULL,
  `vendor_id` int(10) unsigned NOT NULL,
  `name` varchar(255) COLLATE utf8_unicode_ci NOT NULL,
  `image` varchar(255) COLLATE utf8_unicode_ci DEFAULT NULL,
  `description` text COLLATE utf8_unicode_ci NOT NULL,
  `price` float(10,0) NOT NULL,
  `status` varchar(255) COLLATE utf8_unicode_ci NOT NULL,
  `created_at` timestamp NOT NULL DEFAULT '0000-00-00 00:00:00',
  `updated_at` timestamp NOT NULL DEFAULT '0000-00-00 00:00:00'
) ENGINE=InnoDB DEFAULT CHARSET=utf8 COLLATE=utf8_unicode_ci AUTO_INCREMENT=1 ;

-- --------------------------------------------------------

--
-- Table structure for table `x_projects`
--

CREATE TABLE IF NOT EXISTS `x_projects` (
`id` int(10) unsigned NOT NULL,
  `name` varchar(255) COLLATE utf8_unicode_ci NOT NULL,
  `investment_id` int(11) NOT NULL,
  `units` int(11) NOT NULL,
  `unit_price` decimal(15,2) NOT NULL,
  `description` varchar(255) COLLATE utf8_unicode_ci DEFAULT NULL,
  `created_at` timestamp NOT NULL DEFAULT '0000-00-00 00:00:00',
  `updated_at` timestamp NOT NULL DEFAULT '0000-00-00 00:00:00'
) ENGINE=InnoDB  DEFAULT CHARSET=utf8 COLLATE=utf8_unicode_ci AUTO_INCREMENT=4 ;

--
-- Dumping data for table `x_projects`
--

INSERT INTO `x_projects` (`id`, `name`, `investment_id`, `units`, `unit_price`, `description`, `created_at`, `updated_at`) VALUES
(1, 'Ruiru Land Allotment', 4, 20, '150000.00', '                                                                                                                              Land allotment  for Sacco to invest in.                  \r\n                       \r\n                       \r\n                    ', '2016-11-17 10:20:07', '2016-11-27 10:41:01'),
(2, 'Livestock Purchase', 4, 0, '18000.00', '                         Fully grown zero-grazed cattle.                         \r\n                       \r\n                       ', '2016-11-17 15:44:18', '2016-11-24 05:42:24'),
(3, 'Student Hostels', 5, 5, '2500000.00', ' Buying a student hostel in order to rent it out to students nearby.                        \r\n                       ', '2016-11-24 16:35:55', '2016-11-24 16:35:55');

-- --------------------------------------------------------

--
-- Table structure for table `x_project_orders`
--

CREATE TABLE IF NOT EXISTS `x_project_orders` (
`id` int(10) unsigned NOT NULL,
  `member_id` int(11) NOT NULL,
  `units` int(11) NOT NULL,
  `date` date NOT NULL,
  `is_approved` tinyint(1) NOT NULL DEFAULT '0',
  `date_approved` date NOT NULL,
  `created_at` timestamp NOT NULL DEFAULT '0000-00-00 00:00:00',
  `updated_at` timestamp NOT NULL DEFAULT '0000-00-00 00:00:00',
  `is_rejected` tinyint(1) NOT NULL DEFAULT '0',
  `date_rejected` date NOT NULL,
  `project_id` int(10) unsigned NOT NULL,
  `payment_mode` enum('Loan Transfer','Savings Transfer','Mpesa Payment','Cash Payment') COLLATE utf8_unicode_ci NOT NULL DEFAULT 'Cash Payment'
) ENGINE=InnoDB  DEFAULT CHARSET=utf8 COLLATE=utf8_unicode_ci AUTO_INCREMENT=5 ;

--
-- Dumping data for table `x_project_orders`
--

INSERT INTO `x_project_orders` (`id`, `member_id`, `units`, `date`, `is_approved`, `date_approved`, `created_at`, `updated_at`, `is_rejected`, `date_rejected`, `project_id`, `payment_mode`) VALUES
(1, 1, 6, '2016-11-24', 1, '2016-11-24', '2016-11-24 05:20:10', '2016-11-24 05:21:15', 0, '0000-00-00', 2, 'Loan Transfer'),
(2, 1, 2, '2016-11-24', 1, '2016-11-24', '2016-11-24 05:40:32', '2016-11-24 05:42:24', 0, '0000-00-00', 2, 'Savings Transfer'),
(3, 9, 1, '2016-11-27', 0, '2016-11-27', '2016-11-27 10:16:16', '2016-11-27 10:32:51', 1, '2016-11-27', 3, 'Savings Transfer'),
(4, 10, 1, '2016-11-27', 1, '2016-11-27', '2016-11-27 10:40:03', '2016-11-27 10:41:00', 0, '0000-00-00', 1, 'Loan Transfer');

-- --------------------------------------------------------

--
-- Table structure for table `x_roles`
--

CREATE TABLE IF NOT EXISTS `x_roles` (
`id` int(10) unsigned NOT NULL,
  `name` varchar(255) COLLATE utf8_unicode_ci NOT NULL,
  `created_at` timestamp NOT NULL DEFAULT '0000-00-00 00:00:00',
  `updated_at` timestamp NOT NULL DEFAULT '0000-00-00 00:00:00'
) ENGINE=InnoDB  DEFAULT CHARSET=utf8 COLLATE=utf8_unicode_ci AUTO_INCREMENT=2 ;

--
-- Dumping data for table `x_roles`
--

INSERT INTO `x_roles` (`id`, `name`, `created_at`, `updated_at`) VALUES
(1, 'Credit Membr', '2016-07-11 09:40:35', '2016-07-11 09:40:35');

-- --------------------------------------------------------

--
-- Table structure for table `x_savingaccounts`
--

CREATE TABLE IF NOT EXISTS `x_savingaccounts` (
`id` int(10) unsigned NOT NULL,
  `member_id` int(10) unsigned NOT NULL,
  `savingproduct_id` int(10) unsigned NOT NULL,
  `account_number` varchar(255) COLLATE utf8_unicode_ci NOT NULL,
  `created_at` timestamp NOT NULL DEFAULT '0000-00-00 00:00:00',
  `updated_at` timestamp NOT NULL DEFAULT '0000-00-00 00:00:00'
) ENGINE=InnoDB  DEFAULT CHARSET=utf8 COLLATE=utf8_unicode_ci AUTO_INCREMENT=11 ;

--
-- Dumping data for table `x_savingaccounts`
--

INSERT INTO `x_savingaccounts` (`id`, `member_id`, `savingproduct_id`, `account_number`, `created_at`, `updated_at`) VALUES
(1, 1, 1, 'MS000000LTL1', '2016-06-21 09:34:36', '2016-06-21 09:34:36'),
(2, 2, 1, 'MS000000LTL2', '2016-06-21 09:35:14', '2016-06-21 09:35:14'),
(3, 3, 1, 'MS000000LTL3', '2016-06-21 09:37:50', '2016-06-21 09:37:50'),
(4, 4, 1, 'MS000000LTL4', '2016-06-21 09:38:13', '2016-06-21 09:38:13'),
(5, 5, 1, 'MS000000LTL5', '2016-06-21 09:38:37', '2016-06-21 09:38:37'),
(6, 6, 1, 'MS000000LTL6', '2016-06-21 09:38:59', '2016-06-21 09:38:59'),
(7, 7, 1, 'MS000000LTL7', '2016-06-21 09:39:21', '2016-06-21 09:39:21'),
(8, 8, 1, 'MS000000LTL8', '2016-09-13 06:05:23', '2016-09-13 06:05:23'),
(9, 9, 1, 'MS000000LS009', '2016-10-26 05:03:32', '2016-10-26 05:03:32'),
(10, 11, 1, 'MS000000LS.011', '2016-11-26 10:29:14', '2016-11-26 10:29:14');

-- --------------------------------------------------------

--
-- Table structure for table `x_savingpostings`
--

CREATE TABLE IF NOT EXISTS `x_savingpostings` (
`id` int(10) unsigned NOT NULL,
  `savingproduct_id` int(10) unsigned NOT NULL,
  `transaction` varchar(255) COLLATE utf8_unicode_ci NOT NULL,
  `debit_account` int(11) NOT NULL,
  `credit_account` int(11) NOT NULL,
  `created_at` timestamp NOT NULL DEFAULT '0000-00-00 00:00:00',
  `updated_at` timestamp NOT NULL DEFAULT '0000-00-00 00:00:00'
) ENGINE=InnoDB  DEFAULT CHARSET=utf8 COLLATE=utf8_unicode_ci AUTO_INCREMENT=28 ;

--
-- Dumping data for table `x_savingpostings`
--

INSERT INTO `x_savingpostings` (`id`, `savingproduct_id`, `transaction`, `debit_account`, `credit_account`, `created_at`, `updated_at`) VALUES
(1, 1, 'deposit', 1, 11, '2016-06-21 09:33:58', '2016-06-21 09:33:58'),
(2, 1, 'withdrawal', 11, 1, '2016-06-21 09:33:58', '2016-06-21 09:33:58'),
(3, 1, 'charge', 1, 20, '2016-06-21 09:33:58', '2016-06-21 09:33:58'),
(10, 1, 'deposit', 1, 8, '2016-10-31 04:42:01', '2016-10-31 04:42:01'),
(11, 1, 'withdrawal', 8, 1, '2016-10-31 04:42:01', '2016-10-31 04:42:01'),
(12, 1, 'charge', 1, 14, '2016-10-31 04:42:01', '2016-10-31 04:42:01'),
(13, 1, 'deposit', 1, 8, '2016-10-31 04:46:40', '2016-10-31 04:46:40'),
(14, 1, 'withdrawal', 8, 1, '2016-10-31 04:46:41', '2016-10-31 04:46:41'),
(15, 1, 'charge', 1, 14, '2016-10-31 04:46:41', '2016-10-31 04:46:41'),
(16, 1, 'deposit', 1, 9, '2016-10-31 04:52:51', '2016-10-31 04:52:51'),
(17, 1, 'withdrawal', 9, 1, '2016-10-31 04:52:51', '2016-10-31 04:52:51'),
(18, 1, 'charge', 1, 14, '2016-10-31 04:52:51', '2016-10-31 04:52:51'),
(19, 3, 'deposit', 1, 11, '2016-10-31 04:54:41', '2016-10-31 04:54:41'),
(20, 3, 'withdrawal', 11, 1, '2016-10-31 04:54:42', '2016-10-31 04:54:42'),
(21, 3, 'charge', 1, 20, '2016-10-31 04:54:42', '2016-10-31 04:54:42'),
(22, 1, 'deposit', 1, 11, '2016-10-31 05:04:22', '2016-10-31 05:04:22'),
(23, 1, 'withdrawal', 11, 1, '2016-10-31 05:04:22', '2016-10-31 05:04:22'),
(24, 1, 'charge', 1, 20, '2016-10-31 05:04:23', '2016-10-31 05:04:23'),
(25, 3, 'deposit', 1, 11, '2016-10-31 05:05:43', '2016-10-31 05:05:43'),
(26, 3, 'withdrawal', 11, 1, '2016-10-31 05:05:43', '2016-10-31 05:05:43'),
(27, 3, 'charge', 1, 20, '2016-10-31 05:05:43', '2016-10-31 05:05:43');

-- --------------------------------------------------------

--
-- Table structure for table `x_savingproducts`
--

CREATE TABLE IF NOT EXISTS `x_savingproducts` (
`id` int(10) unsigned NOT NULL,
  `name` varchar(255) COLLATE utf8_unicode_ci NOT NULL,
  `shortname` varchar(255) COLLATE utf8_unicode_ci NOT NULL,
  `currency` varchar(255) COLLATE utf8_unicode_ci NOT NULL,
  `opening_balance` float(10,0) NOT NULL,
  `type` varchar(255) COLLATE utf8_unicode_ci NOT NULL,
  `created_at` timestamp NOT NULL DEFAULT '0000-00-00 00:00:00',
  `updated_at` timestamp NOT NULL DEFAULT '0000-00-00 00:00:00'
) ENGINE=InnoDB  DEFAULT CHARSET=utf8 COLLATE=utf8_unicode_ci AUTO_INCREMENT=4 ;

--
-- Dumping data for table `x_savingproducts`
--

INSERT INTO `x_savingproducts` (`id`, `name`, `shortname`, `currency`, `opening_balance`, `type`, `created_at`, `updated_at`) VALUES
(1, 'Member Savings', 'MS', 'KES', 75000, 'FOSA', '0000-00-00 00:00:00', '2016-10-31 05:04:23'),
(3, 'Jengwa Investment', 'JINV', 'KES', 120000, 'BOSA', '0000-00-00 00:00:00', '2016-10-31 05:05:43');

-- --------------------------------------------------------

--
-- Table structure for table `x_savingtransactions`
--

CREATE TABLE IF NOT EXISTS `x_savingtransactions` (
`id` int(10) unsigned NOT NULL,
  `date` date NOT NULL,
  `savingaccount_id` int(10) unsigned NOT NULL,
  `amount` float(12,2) NOT NULL,
  `type` varchar(255) COLLATE utf8_unicode_ci NOT NULL,
  `description` varchar(255) COLLATE utf8_unicode_ci DEFAULT NULL,
  `transacted_by` varchar(255) COLLATE utf8_unicode_ci DEFAULT NULL,
  `created_at` timestamp NOT NULL DEFAULT '0000-00-00 00:00:00',
  `updated_at` timestamp NOT NULL DEFAULT '0000-00-00 00:00:00'
) ENGINE=InnoDB  DEFAULT CHARSET=utf8 COLLATE=utf8_unicode_ci AUTO_INCREMENT=16 ;

--
-- Dumping data for table `x_savingtransactions`
--

INSERT INTO `x_savingtransactions` (`id`, `date`, `savingaccount_id`, `amount`, `type`, `description`, `transacted_by`, `created_at`, `updated_at`) VALUES
(2, '2016-06-15', 1, 20000.00, 'credit', '', 'Cris', '2016-06-21 09:41:11', '2016-06-21 09:41:11'),
(3, '2016-06-15', 1, 4000.00, 'debit', '', 'Chelly', '2016-06-21 09:41:44', '2016-06-21 09:41:44'),
(4, '2016-06-15', 2, 20000.00, 'credit', '', 'Cris', '2016-06-21 09:43:21', '2016-06-21 09:43:21'),
(5, '2016-06-15', 3, 30000.00, 'credit', '', 'Cris', '2016-06-21 09:44:09', '2016-06-21 09:44:09'),
(6, '2016-06-15', 4, 22000.00, 'credit', '', 'Cris', '2016-06-21 09:44:49', '2016-06-21 09:44:49'),
(7, '2016-06-15', 5, 25000.00, 'credit', '', 'Cris', '2016-06-21 09:45:23', '2016-06-21 09:45:23'),
(8, '2016-06-15', 6, 25000.00, 'credit', '', 'Cris', '2016-06-21 09:45:58', '2016-06-21 09:45:58'),
(9, '2016-06-15', 7, 28000.00, 'credit', '', 'Cris', '2016-06-21 09:46:24', '2016-06-21 09:46:24'),
(10, '2016-07-20', 2, 20000.00, 'credit', '', 'Cris', '2016-07-06 09:57:31', '2016-07-06 09:57:31'),
(11, '2016-07-15', 1, 30000.00, 'credit', '', 'Cris', '2016-07-11 09:51:19', '2016-07-11 09:51:19'),
(12, '2016-07-21', 1, 20000.00, 'credit', '', 'Cris', '2016-07-27 06:15:40', '2016-07-27 06:15:40'),
(13, '2016-09-13', 8, 25000.00, 'credit', '', 'Cris', '2016-09-13 06:06:34', '2016-09-13 06:06:34'),
(14, '2016-11-23', 9, 15000.00, 'credit', 'Save for christmas', 'Kelvin Makamu', '2016-11-23 09:56:05', '2016-11-23 09:56:05'),
(15, '2016-11-24', 1, 36000.00, 'debit', NULL, NULL, '2016-11-24 05:42:24', '2016-11-24 05:42:24');

-- --------------------------------------------------------

--
-- Table structure for table `x_shareaccounts`
--

CREATE TABLE IF NOT EXISTS `x_shareaccounts` (
`id` int(10) unsigned NOT NULL,
  `member_id` int(10) unsigned NOT NULL,
  `account_number` varchar(255) COLLATE utf8_unicode_ci NOT NULL,
  `opening_date` date NOT NULL,
  `created_at` timestamp NOT NULL DEFAULT '0000-00-00 00:00:00',
  `updated_at` timestamp NOT NULL DEFAULT '0000-00-00 00:00:00'
) ENGINE=InnoDB  DEFAULT CHARSET=utf8 COLLATE=utf8_unicode_ci AUTO_INCREMENT=12 ;

--
-- Dumping data for table `x_shareaccounts`
--

INSERT INTO `x_shareaccounts` (`id`, `member_id`, `account_number`, `opening_date`, `created_at`, `updated_at`) VALUES
(1, 1, '', '0000-00-00', '0000-00-00 00:00:00', '0000-00-00 00:00:00'),
(2, 2, '', '0000-00-00', '0000-00-00 00:00:00', '0000-00-00 00:00:00'),
(3, 3, '', '0000-00-00', '0000-00-00 00:00:00', '0000-00-00 00:00:00'),
(4, 4, '', '0000-00-00', '0000-00-00 00:00:00', '0000-00-00 00:00:00'),
(5, 5, '', '0000-00-00', '0000-00-00 00:00:00', '0000-00-00 00:00:00'),
(6, 6, '', '0000-00-00', '0000-00-00 00:00:00', '0000-00-00 00:00:00'),
(7, 7, '', '0000-00-00', '0000-00-00 00:00:00', '0000-00-00 00:00:00'),
(8, 8, 'SH-LTL8', '2016-09-13', '2016-09-13 06:05:01', '2016-09-13 06:05:01'),
(9, 9, 'SH-LS.009', '2016-10-10', '2016-10-10 06:39:35', '2016-10-10 06:39:35'),
(10, 10, 'SH-LS.010', '2016-10-31', '2016-10-31 08:31:10', '2016-10-31 08:31:10'),
(11, 11, 'SH-LS.011', '2016-11-26', '2016-11-26 10:27:58', '2016-11-26 10:27:58');

-- --------------------------------------------------------

--
-- Table structure for table `x_shares`
--

CREATE TABLE IF NOT EXISTS `x_shares` (
`id` int(10) unsigned NOT NULL,
  `value` float(10,0) NOT NULL DEFAULT '0',
  `transfer_charge` float(10,0) NOT NULL DEFAULT '0',
  `charged_on` varchar(255) COLLATE utf8_unicode_ci NOT NULL DEFAULT 'donor',
  `created_at` timestamp NOT NULL DEFAULT '0000-00-00 00:00:00',
  `updated_at` timestamp NOT NULL DEFAULT '0000-00-00 00:00:00'
) ENGINE=InnoDB  DEFAULT CHARSET=utf8 COLLATE=utf8_unicode_ci AUTO_INCREMENT=2 ;

--
-- Dumping data for table `x_shares`
--

INSERT INTO `x_shares` (`id`, `value`, `transfer_charge`, `charged_on`, `created_at`, `updated_at`) VALUES
(1, 20, 0, 'donor', '0000-00-00 00:00:00', '2016-11-26 02:30:06');

-- --------------------------------------------------------

--
-- Table structure for table `x_sharetransactions`
--

CREATE TABLE IF NOT EXISTS `x_sharetransactions` (
`id` int(10) unsigned NOT NULL,
  `date` date NOT NULL,
  `shareaccount_id` int(10) unsigned NOT NULL,
  `trans_no` varchar(255) COLLATE utf8_unicode_ci DEFAULT NULL,
  `type` varchar(255) COLLATE utf8_unicode_ci NOT NULL,
  `description` varchar(255) COLLATE utf8_unicode_ci NOT NULL,
  `amount` float(10,0) NOT NULL,
  `created_at` timestamp NOT NULL DEFAULT '0000-00-00 00:00:00',
  `updated_at` timestamp NOT NULL DEFAULT '0000-00-00 00:00:00'
) ENGINE=InnoDB  DEFAULT CHARSET=utf8 COLLATE=utf8_unicode_ci AUTO_INCREMENT=13 ;

--
-- Dumping data for table `x_sharetransactions`
--

INSERT INTO `x_sharetransactions` (`id`, `date`, `shareaccount_id`, `trans_no`, `type`, `description`, `amount`, `created_at`, `updated_at`) VALUES
(5, '2016-11-30', 2, NULL, 'credit', 'Purchase a share', 25000, '2016-11-26 01:28:23', '2016-11-26 01:28:23'),
(6, '2016-12-01', 2, NULL, 'credit', 'purchase of a share', 38000, '2016-11-26 01:29:08', '2016-11-26 01:29:08'),
(7, '2016-11-24', 1, NULL, 'credit', 'Purchase of shares', 56000, '2016-11-26 01:38:57', '2016-11-26 01:38:57'),
(8, '2016-11-26', 1, NULL, 'credit', 'Purchase of a share', 27255, '2016-11-26 01:39:33', '2016-11-26 01:39:33'),
(9, '2016-11-30', 9, NULL, 'credit', 'Buying and investing in shares', 54000, '2016-11-27 09:58:59', '2016-11-27 09:58:59'),
(10, '2016-11-30', 9, NULL, 'credit', 'Purchase of shares', 5600000, '2016-11-27 09:59:44', '2016-11-27 09:59:44'),
(11, '2016-11-30', 11, NULL, 'credit', 'Purchase of shares.', 10000, '2016-11-27 10:03:42', '2016-11-27 10:03:42'),
(12, '2016-11-28', 11, NULL, 'credit', 'Share purchase', 2500, '2016-11-28 05:12:30', '2016-11-28 05:12:30');

-- --------------------------------------------------------

--
-- Table structure for table `x_users`
--

CREATE TABLE IF NOT EXISTS `x_users` (
`id` int(10) unsigned NOT NULL,
  `username` varchar(255) COLLATE utf8_unicode_ci DEFAULT NULL,
  `email` varchar(255) COLLATE utf8_unicode_ci DEFAULT NULL,
  `password` varchar(255) COLLATE utf8_unicode_ci NOT NULL,
  `confirmation_code` varchar(255) COLLATE utf8_unicode_ci DEFAULT NULL,
  `remember_token` varchar(255) COLLATE utf8_unicode_ci DEFAULT NULL,
  `confirmed` tinyint(1) NOT NULL DEFAULT '1',
  `created_at` timestamp NOT NULL DEFAULT '0000-00-00 00:00:00',
  `updated_at` timestamp NOT NULL DEFAULT '0000-00-00 00:00:00',
  `user_type` varchar(20) COLLATE utf8_unicode_ci DEFAULT 'admin',
  `is_active` tinyint(1) DEFAULT NULL,
  `branch_id` int(10) unsigned DEFAULT NULL,
  `phone` varchar(50) COLLATE utf8_unicode_ci DEFAULT NULL
) ENGINE=InnoDB  DEFAULT CHARSET=utf8 COLLATE=utf8_unicode_ci AUTO_INCREMENT=6 ;

--
-- Dumping data for table `x_users`
--

INSERT INTO `x_users` (`id`, `username`, `email`, `password`, `confirmation_code`, `remember_token`, `confirmed`, `created_at`, `updated_at`, `user_type`, `is_active`, `branch_id`, `phone`) VALUES
(1, 'LTL1', 'chrispus.cheruiyot@lixnet.net', '$2y$10$sZultmgVN3imMbX7ZAcYEu.65K4NYYu39iGas1jdfa6OzVzb9/5Om', '97c2531e93ea8f38e7f9d9aa4de37e88', 'fXdNRwnbczC22xySsWQezOSCXZLB5h6rdFuVhUVJSEzpj1SFBR2SH0iri8WN', 1, '2016-06-20 06:35:40', '2016-11-27 10:39:02', 'admin', 1, NULL, NULL),
(4, 'LS009', 'makamu3pmkelvin@gmail.com', '$2y$10$sZultmgVN3imMbX7ZAcYEu.65K4NYYu39iGas1jdfa6OzVzb9/5Om', 'c3c99453507fdd6941f52b5cac2cda53', 'Crn4FfFYY1Td0rm2LNgUvckjMQCChX40bPil5Zh2cFZaXLggBdEyvKc4MKUS', 1, '0000-00-00 00:00:00', '2016-11-27 10:31:32', 'member', 1, NULL, '0710411226'),
(5, 'LS.010', 'kelvins@yahoo.com', '$2y$10$sZultmgVN3imMbX7ZAcYEu.65K4NYYu39iGas1jdfa6OzVzb9/5Om', '0edf7c1c4655b6ab962fe8e1fd5561c3', NULL, 1, '0000-00-00 00:00:00', '0000-00-00 00:00:00', 'member', NULL, NULL, NULL);

-- --------------------------------------------------------

--
-- Table structure for table `x_user_role`
--

CREATE TABLE IF NOT EXISTS `x_user_role` (
  `id` int(11) NOT NULL,
  `user_id` int(10) unsigned DEFAULT NULL,
  `role_id` int(10) unsigned DEFAULT NULL
) ENGINE=InnoDB DEFAULT CHARSET=utf8 COLLATE=utf8_unicode_ci;

-- --------------------------------------------------------

--
-- Table structure for table `x_valuations`
--

CREATE TABLE IF NOT EXISTS `x_valuations` (
`id` int(10) unsigned NOT NULL,
  `investment_id` int(10) unsigned DEFAULT NULL,
  `valuation` decimal(15,2) NOT NULL,
  `month` varchar(255) COLLATE utf8_unicode_ci NOT NULL,
  `year` varchar(255) COLLATE utf8_unicode_ci NOT NULL,
  `date` date NOT NULL,
  `created_at` timestamp NOT NULL DEFAULT '0000-00-00 00:00:00',
  `updated_at` timestamp NOT NULL DEFAULT '0000-00-00 00:00:00'
) ENGINE=InnoDB DEFAULT CHARSET=utf8 COLLATE=utf8_unicode_ci AUTO_INCREMENT=1 ;

-- --------------------------------------------------------

--
-- Table structure for table `x_vendors`
--

CREATE TABLE IF NOT EXISTS `x_vendors` (
`id` int(10) unsigned NOT NULL,
  `name` varchar(255) COLLATE utf8_unicode_ci DEFAULT NULL,
  `email` varchar(255) COLLATE utf8_unicode_ci DEFAULT NULL,
  `phone` varchar(255) COLLATE utf8_unicode_ci DEFAULT NULL,
  `description` text COLLATE utf8_unicode_ci,
  `status` varchar(255) COLLATE utf8_unicode_ci DEFAULT NULL,
  `created_at` timestamp NOT NULL DEFAULT '0000-00-00 00:00:00',
  `updated_at` timestamp NOT NULL DEFAULT '0000-00-00 00:00:00'
) ENGINE=InnoDB  DEFAULT CHARSET=utf8 COLLATE=utf8_unicode_ci AUTO_INCREMENT=2 ;

--
-- Dumping data for table `x_vendors`
--

INSERT INTO `x_vendors` (`id`, `name`, `email`, `phone`, `description`, `status`, `created_at`, `updated_at`) VALUES
(1, 'Maji Marefu', 'majimarefu@gmail.com', '0715368942', 'Supplier of fruits and vegetables', NULL, '2016-10-17 08:38:58', '2016-10-17 08:39:18');

--
-- Indexes for dumped tables
--

--
-- Indexes for table `x_accounts`
--
ALTER TABLE `x_accounts`
 ADD PRIMARY KEY (`id`);

--
-- Indexes for table `x_assigned_roles`
--
ALTER TABLE `x_assigned_roles`
 ADD PRIMARY KEY (`id`), ADD KEY `assigned_roles_user_id_foreign` (`user_id`), ADD KEY `assigned_roles_role_id_foreign` (`role_id`);

--
-- Indexes for table `x_audits`
--
ALTER TABLE `x_audits`
 ADD PRIMARY KEY (`id`);

--
-- Indexes for table `x_autoprocesses`
--
ALTER TABLE `x_autoprocesses`
 ADD PRIMARY KEY (`id`);

--
-- Indexes for table `x_banks`
--
ALTER TABLE `x_banks`
 ADD PRIMARY KEY (`id`), ADD KEY `banks_organization_id_foreign` (`organization_id`);

--
-- Indexes for table `x_bank_branches`
--
ALTER TABLE `x_bank_branches`
 ADD PRIMARY KEY (`id`), ADD KEY `bank_branches_bank_id_foreign` (`bank_id`), ADD KEY `bank_branches_organization_id_foreign` (`organization_id`);

--
-- Indexes for table `x_branches`
--
ALTER TABLE `x_branches`
 ADD PRIMARY KEY (`id`);

--
-- Indexes for table `x_categories`
--
ALTER TABLE `x_categories`
 ADD PRIMARY KEY (`id`);

--
-- Indexes for table `x_charges`
--
ALTER TABLE `x_charges`
 ADD PRIMARY KEY (`id`);

--
-- Indexes for table `x_charge_loanproduct`
--
ALTER TABLE `x_charge_loanproduct`
 ADD PRIMARY KEY (`id`), ADD KEY `loancharges_charge_id_foreign` (`charge_id`), ADD KEY `loancharges_loanproduct_id_foreign` (`loanproduct_id`);

--
-- Indexes for table `x_charge_savingproduct`
--
ALTER TABLE `x_charge_savingproduct`
 ADD PRIMARY KEY (`id`), ADD KEY `savingcharges_charge_id_foreign` (`charge_id`), ADD KEY `savingcharges_savingproduct_id_foreign` (`savingproduct_id`);

--
-- Indexes for table `x_currencies`
--
ALTER TABLE `x_currencies`
 ADD PRIMARY KEY (`id`);

--
-- Indexes for table `x_disbursementoptions`
--
ALTER TABLE `x_disbursementoptions`
 ADD PRIMARY KEY (`id`);

--
-- Indexes for table `x_dividends`
--
ALTER TABLE `x_dividends`
 ADD PRIMARY KEY (`id`);

--
-- Indexes for table `x_documents`
--
ALTER TABLE `x_documents`
 ADD PRIMARY KEY (`id`), ADD KEY `documents_member_id_foreign` (`member_id`);

--
-- Indexes for table `x_groups`
--
ALTER TABLE `x_groups`
 ADD PRIMARY KEY (`id`);

--
-- Indexes for table `x_investmentcategories`
--
ALTER TABLE `x_investmentcategories`
 ADD PRIMARY KEY (`id`);

--
-- Indexes for table `x_investments`
--
ALTER TABLE `x_investments`
 ADD PRIMARY KEY (`id`);

--
-- Indexes for table `x_journals`
--
ALTER TABLE `x_journals`
 ADD PRIMARY KEY (`id`), ADD KEY `journals_account_id_foreign` (`account_id`);

--
-- Indexes for table `x_kins`
--
ALTER TABLE `x_kins`
 ADD PRIMARY KEY (`id`), ADD KEY `kins_member_id_foreign` (`member_id`);

--
-- Indexes for table `x_loanaccounts`
--
ALTER TABLE `x_loanaccounts`
 ADD PRIMARY KEY (`id`), ADD KEY `loanaccounts_member_id_foreign` (`member_id`), ADD KEY `loanaccounts_loanproduct_id_foreign` (`loanproduct_id`);

--
-- Indexes for table `x_loanguarantors`
--
ALTER TABLE `x_loanguarantors`
 ADD PRIMARY KEY (`id`), ADD KEY `loanguarantors_member_id_foreign` (`member_id`), ADD KEY `loanguarantors_loanaccount_id_foreign` (`loanaccount_id`);

--
-- Indexes for table `x_loanpostings`
--
ALTER TABLE `x_loanpostings`
 ADD PRIMARY KEY (`id`), ADD KEY `loanpostings_loanproduct_id_foreign` (`loanproduct_id`);

--
-- Indexes for table `x_loanproducts`
--
ALTER TABLE `x_loanproducts`
 ADD PRIMARY KEY (`id`);

--
-- Indexes for table `x_loanrepayments`
--
ALTER TABLE `x_loanrepayments`
 ADD PRIMARY KEY (`id`), ADD KEY `loanrepayments_loanaccount_id_foreign` (`loanaccount_id`);

--
-- Indexes for table `x_loantransactions`
--
ALTER TABLE `x_loantransactions`
 ADD PRIMARY KEY (`id`), ADD KEY `loantransactions_loanaccount_id_foreign` (`loanaccount_id`);

--
-- Indexes for table `x_matrices`
--
ALTER TABLE `x_matrices`
 ADD PRIMARY KEY (`id`);

--
-- Indexes for table `x_members`
--
ALTER TABLE `x_members`
 ADD PRIMARY KEY (`id`), ADD UNIQUE KEY `membership_no` (`membership_no`), ADD KEY `members_group_id_foreign` (`group_id`), ADD KEY `members_branch_id_foreign` (`branch_id`);

--
-- Indexes for table `x_orders`
--
ALTER TABLE `x_orders`
 ADD PRIMARY KEY (`id`), ADD KEY `orders_product_id_index` (`product_id`);

--
-- Indexes for table `x_organizations`
--
ALTER TABLE `x_organizations`
 ADD PRIMARY KEY (`id`);

--
-- Indexes for table `x_permissions`
--
ALTER TABLE `x_permissions`
 ADD PRIMARY KEY (`id`), ADD UNIQUE KEY `permissions_name_unique` (`name`);

--
-- Indexes for table `x_permission_role`
--
ALTER TABLE `x_permission_role`
 ADD PRIMARY KEY (`id`), ADD KEY `permission_role_permission_id_foreign` (`permission_id`), ADD KEY `permission_role_role_id_foreign` (`role_id`);

--
-- Indexes for table `x_products`
--
ALTER TABLE `x_products`
 ADD PRIMARY KEY (`id`), ADD KEY `products_vendor_id_index` (`vendor_id`);

--
-- Indexes for table `x_projects`
--
ALTER TABLE `x_projects`
 ADD PRIMARY KEY (`id`);

--
-- Indexes for table `x_project_orders`
--
ALTER TABLE `x_project_orders`
 ADD PRIMARY KEY (`id`);

--
-- Indexes for table `x_roles`
--
ALTER TABLE `x_roles`
 ADD PRIMARY KEY (`id`), ADD UNIQUE KEY `roles_name_unique` (`name`);

--
-- Indexes for table `x_savingaccounts`
--
ALTER TABLE `x_savingaccounts`
 ADD PRIMARY KEY (`id`), ADD UNIQUE KEY `account_number` (`account_number`), ADD KEY `savingaccounts_member_id_foreign` (`member_id`), ADD KEY `x_savingaccounts_fk` (`savingproduct_id`);

--
-- Indexes for table `x_savingpostings`
--
ALTER TABLE `x_savingpostings`
 ADD PRIMARY KEY (`id`), ADD KEY `savingpostings_savingproduct_id_foreign` (`savingproduct_id`);

--
-- Indexes for table `x_savingproducts`
--
ALTER TABLE `x_savingproducts`
 ADD PRIMARY KEY (`id`);

--
-- Indexes for table `x_savingtransactions`
--
ALTER TABLE `x_savingtransactions`
 ADD PRIMARY KEY (`id`), ADD KEY `savingtransactions_savingaccount_id_foreign` (`savingaccount_id`);

--
-- Indexes for table `x_shareaccounts`
--
ALTER TABLE `x_shareaccounts`
 ADD PRIMARY KEY (`id`), ADD KEY `shareaccounts_member_id_foreign` (`member_id`);

--
-- Indexes for table `x_shares`
--
ALTER TABLE `x_shares`
 ADD PRIMARY KEY (`id`);

--
-- Indexes for table `x_sharetransactions`
--
ALTER TABLE `x_sharetransactions`
 ADD PRIMARY KEY (`id`), ADD KEY `sharetransactions_shareaccount_id_foreign` (`shareaccount_id`);

--
-- Indexes for table `x_users`
--
ALTER TABLE `x_users`
 ADD PRIMARY KEY (`id`), ADD UNIQUE KEY `username` (`username`), ADD KEY `branch_id` (`branch_id`);

--
-- Indexes for table `x_user_role`
--
ALTER TABLE `x_user_role`
 ADD PRIMARY KEY (`id`), ADD KEY `user_id` (`user_id`), ADD KEY `x_user_role_fk1` (`role_id`);

--
-- Indexes for table `x_valuations`
--
ALTER TABLE `x_valuations`
 ADD PRIMARY KEY (`id`);

--
-- Indexes for table `x_vendors`
--
ALTER TABLE `x_vendors`
 ADD PRIMARY KEY (`id`);

--
-- AUTO_INCREMENT for dumped tables
--

--
-- AUTO_INCREMENT for table `x_accounts`
--
ALTER TABLE `x_accounts`
MODIFY `id` int(10) unsigned NOT NULL AUTO_INCREMENT,AUTO_INCREMENT=21;
--
-- AUTO_INCREMENT for table `x_assigned_roles`
--
ALTER TABLE `x_assigned_roles`
MODIFY `id` int(10) unsigned NOT NULL AUTO_INCREMENT;
--
-- AUTO_INCREMENT for table `x_audits`
--
ALTER TABLE `x_audits`
MODIFY `id` int(10) unsigned NOT NULL AUTO_INCREMENT,AUTO_INCREMENT=320;
--
-- AUTO_INCREMENT for table `x_autoprocesses`
--
ALTER TABLE `x_autoprocesses`
MODIFY `id` int(10) unsigned NOT NULL AUTO_INCREMENT,AUTO_INCREMENT=2;
--
-- AUTO_INCREMENT for table `x_banks`
--
ALTER TABLE `x_banks`
MODIFY `id` int(10) unsigned NOT NULL AUTO_INCREMENT,AUTO_INCREMENT=3;
--
-- AUTO_INCREMENT for table `x_bank_branches`
--
ALTER TABLE `x_bank_branches`
MODIFY `id` int(10) unsigned NOT NULL AUTO_INCREMENT,AUTO_INCREMENT=4;
--
-- AUTO_INCREMENT for table `x_branches`
--
ALTER TABLE `x_branches`
MODIFY `id` int(10) unsigned NOT NULL AUTO_INCREMENT,AUTO_INCREMENT=6;
--
-- AUTO_INCREMENT for table `x_categories`
--
ALTER TABLE `x_categories`
MODIFY `id` int(10) unsigned NOT NULL AUTO_INCREMENT;
--
-- AUTO_INCREMENT for table `x_charges`
--
ALTER TABLE `x_charges`
MODIFY `id` int(10) unsigned NOT NULL AUTO_INCREMENT,AUTO_INCREMENT=4;
--
-- AUTO_INCREMENT for table `x_charge_loanproduct`
--
ALTER TABLE `x_charge_loanproduct`
MODIFY `id` int(10) unsigned NOT NULL AUTO_INCREMENT;
--
-- AUTO_INCREMENT for table `x_charge_savingproduct`
--
ALTER TABLE `x_charge_savingproduct`
MODIFY `id` int(10) unsigned NOT NULL AUTO_INCREMENT;
--
-- AUTO_INCREMENT for table `x_currencies`
--
ALTER TABLE `x_currencies`
MODIFY `id` int(10) unsigned NOT NULL AUTO_INCREMENT,AUTO_INCREMENT=4;
--
-- AUTO_INCREMENT for table `x_disbursementoptions`
--
ALTER TABLE `x_disbursementoptions`
MODIFY `id` int(10) unsigned NOT NULL AUTO_INCREMENT,AUTO_INCREMENT=12;
--
-- AUTO_INCREMENT for table `x_dividends`
--
ALTER TABLE `x_dividends`
MODIFY `id` int(10) unsigned NOT NULL AUTO_INCREMENT,AUTO_INCREMENT=4;
--
-- AUTO_INCREMENT for table `x_documents`
--
ALTER TABLE `x_documents`
MODIFY `id` int(10) unsigned NOT NULL AUTO_INCREMENT,AUTO_INCREMENT=4;
--
-- AUTO_INCREMENT for table `x_groups`
--
ALTER TABLE `x_groups`
MODIFY `id` int(10) unsigned NOT NULL AUTO_INCREMENT,AUTO_INCREMENT=4;
--
-- AUTO_INCREMENT for table `x_investmentcategories`
--
ALTER TABLE `x_investmentcategories`
MODIFY `id` int(10) unsigned NOT NULL AUTO_INCREMENT,AUTO_INCREMENT=2;
--
-- AUTO_INCREMENT for table `x_investments`
--
ALTER TABLE `x_investments`
MODIFY `id` int(10) unsigned NOT NULL AUTO_INCREMENT,AUTO_INCREMENT=6;
--
-- AUTO_INCREMENT for table `x_journals`
--
ALTER TABLE `x_journals`
MODIFY `id` int(10) unsigned NOT NULL AUTO_INCREMENT,AUTO_INCREMENT=787;
--
-- AUTO_INCREMENT for table `x_kins`
--
ALTER TABLE `x_kins`
MODIFY `id` int(10) unsigned NOT NULL AUTO_INCREMENT,AUTO_INCREMENT=12;
--
-- AUTO_INCREMENT for table `x_loanaccounts`
--
ALTER TABLE `x_loanaccounts`
MODIFY `id` int(10) unsigned NOT NULL AUTO_INCREMENT,AUTO_INCREMENT=71;
--
-- AUTO_INCREMENT for table `x_loanguarantors`
--
ALTER TABLE `x_loanguarantors`
MODIFY `id` int(10) unsigned NOT NULL AUTO_INCREMENT;
--
-- AUTO_INCREMENT for table `x_loanpostings`
--
ALTER TABLE `x_loanpostings`
MODIFY `id` int(10) unsigned NOT NULL AUTO_INCREMENT,AUTO_INCREMENT=33;
--
-- AUTO_INCREMENT for table `x_loanproducts`
--
ALTER TABLE `x_loanproducts`
MODIFY `id` int(10) unsigned NOT NULL AUTO_INCREMENT,AUTO_INCREMENT=7;
--
-- AUTO_INCREMENT for table `x_loanrepayments`
--
ALTER TABLE `x_loanrepayments`
MODIFY `id` int(10) unsigned NOT NULL AUTO_INCREMENT,AUTO_INCREMENT=111;
--
-- AUTO_INCREMENT for table `x_loantransactions`
--
ALTER TABLE `x_loantransactions`
MODIFY `id` int(10) unsigned NOT NULL AUTO_INCREMENT,AUTO_INCREMENT=66;
--
-- AUTO_INCREMENT for table `x_matrices`
--
ALTER TABLE `x_matrices`
MODIFY `id` int(10) unsigned NOT NULL AUTO_INCREMENT,AUTO_INCREMENT=2;
--
-- AUTO_INCREMENT for table `x_members`
--
ALTER TABLE `x_members`
MODIFY `id` int(10) unsigned NOT NULL AUTO_INCREMENT,AUTO_INCREMENT=12;
--
-- AUTO_INCREMENT for table `x_orders`
--
ALTER TABLE `x_orders`
MODIFY `id` int(10) unsigned NOT NULL AUTO_INCREMENT;
--
-- AUTO_INCREMENT for table `x_organizations`
--
ALTER TABLE `x_organizations`
MODIFY `id` int(10) unsigned NOT NULL AUTO_INCREMENT,AUTO_INCREMENT=3;
--
-- AUTO_INCREMENT for table `x_permissions`
--
ALTER TABLE `x_permissions`
MODIFY `id` int(10) unsigned NOT NULL AUTO_INCREMENT,AUTO_INCREMENT=26;
--
-- AUTO_INCREMENT for table `x_permission_role`
--
ALTER TABLE `x_permission_role`
MODIFY `id` int(10) unsigned NOT NULL AUTO_INCREMENT,AUTO_INCREMENT=8;
--
-- AUTO_INCREMENT for table `x_products`
--
ALTER TABLE `x_products`
MODIFY `id` int(10) unsigned NOT NULL AUTO_INCREMENT;
--
-- AUTO_INCREMENT for table `x_projects`
--
ALTER TABLE `x_projects`
MODIFY `id` int(10) unsigned NOT NULL AUTO_INCREMENT,AUTO_INCREMENT=4;
--
-- AUTO_INCREMENT for table `x_project_orders`
--
ALTER TABLE `x_project_orders`
MODIFY `id` int(10) unsigned NOT NULL AUTO_INCREMENT,AUTO_INCREMENT=5;
--
-- AUTO_INCREMENT for table `x_roles`
--
ALTER TABLE `x_roles`
MODIFY `id` int(10) unsigned NOT NULL AUTO_INCREMENT,AUTO_INCREMENT=2;
--
-- AUTO_INCREMENT for table `x_savingaccounts`
--
ALTER TABLE `x_savingaccounts`
MODIFY `id` int(10) unsigned NOT NULL AUTO_INCREMENT,AUTO_INCREMENT=11;
--
-- AUTO_INCREMENT for table `x_savingpostings`
--
ALTER TABLE `x_savingpostings`
MODIFY `id` int(10) unsigned NOT NULL AUTO_INCREMENT,AUTO_INCREMENT=28;
--
-- AUTO_INCREMENT for table `x_savingproducts`
--
ALTER TABLE `x_savingproducts`
MODIFY `id` int(10) unsigned NOT NULL AUTO_INCREMENT,AUTO_INCREMENT=4;
--
-- AUTO_INCREMENT for table `x_savingtransactions`
--
ALTER TABLE `x_savingtransactions`
MODIFY `id` int(10) unsigned NOT NULL AUTO_INCREMENT,AUTO_INCREMENT=16;
--
-- AUTO_INCREMENT for table `x_shareaccounts`
--
ALTER TABLE `x_shareaccounts`
MODIFY `id` int(10) unsigned NOT NULL AUTO_INCREMENT,AUTO_INCREMENT=12;
--
-- AUTO_INCREMENT for table `x_shares`
--
ALTER TABLE `x_shares`
MODIFY `id` int(10) unsigned NOT NULL AUTO_INCREMENT,AUTO_INCREMENT=2;
--
-- AUTO_INCREMENT for table `x_sharetransactions`
--
ALTER TABLE `x_sharetransactions`
MODIFY `id` int(10) unsigned NOT NULL AUTO_INCREMENT,AUTO_INCREMENT=13;
--
-- AUTO_INCREMENT for table `x_users`
--
ALTER TABLE `x_users`
MODIFY `id` int(10) unsigned NOT NULL AUTO_INCREMENT,AUTO_INCREMENT=6;
--
-- AUTO_INCREMENT for table `x_valuations`
--
ALTER TABLE `x_valuations`
MODIFY `id` int(10) unsigned NOT NULL AUTO_INCREMENT;
--
-- AUTO_INCREMENT for table `x_vendors`
--
ALTER TABLE `x_vendors`
MODIFY `id` int(10) unsigned NOT NULL AUTO_INCREMENT,AUTO_INCREMENT=2;
--
-- Constraints for dumped tables
--

--
-- Constraints for table `x_assigned_roles`
--
ALTER TABLE `x_assigned_roles`
ADD CONSTRAINT `assigned_roles_role_id_foreign` FOREIGN KEY (`role_id`) REFERENCES `x_roles` (`id`),
ADD CONSTRAINT `assigned_roles_user_id_foreign` FOREIGN KEY (`user_id`) REFERENCES `x_users` (`id`) ON DELETE CASCADE ON UPDATE CASCADE;

--
-- Constraints for table `x_banks`
--
ALTER TABLE `x_banks`
ADD CONSTRAINT `banks_organization_id_foreign` FOREIGN KEY (`organization_id`) REFERENCES `x_organizations` (`id`) ON UPDATE CASCADE;

--
-- Constraints for table `x_bank_branches`
--
ALTER TABLE `x_bank_branches`
ADD CONSTRAINT `bank_branches_bank_id_foreign` FOREIGN KEY (`bank_id`) REFERENCES `x_banks` (`id`) ON UPDATE CASCADE,
ADD CONSTRAINT `bank_branches_organization_id_foreign` FOREIGN KEY (`organization_id`) REFERENCES `x_organizations` (`id`) ON UPDATE CASCADE;

--
-- Constraints for table `x_charge_loanproduct`
--
ALTER TABLE `x_charge_loanproduct`
ADD CONSTRAINT `loancharges_charge_id_foreign` FOREIGN KEY (`charge_id`) REFERENCES `x_charges` (`id`),
ADD CONSTRAINT `loancharges_loanproduct_id_foreign` FOREIGN KEY (`loanproduct_id`) REFERENCES `x_loanproducts` (`id`);

--
-- Constraints for table `x_charge_savingproduct`
--
ALTER TABLE `x_charge_savingproduct`
ADD CONSTRAINT `savingcharges_charge_id_foreign` FOREIGN KEY (`charge_id`) REFERENCES `x_charges` (`id`),
ADD CONSTRAINT `savingcharges_savingproduct_id_foreign` FOREIGN KEY (`savingproduct_id`) REFERENCES `x_savingproducts` (`id`);

--
-- Constraints for table `x_documents`
--
ALTER TABLE `x_documents`
ADD CONSTRAINT `documents_member_id_foreign` FOREIGN KEY (`member_id`) REFERENCES `x_members` (`id`);

--
-- Constraints for table `x_journals`
--
ALTER TABLE `x_journals`
ADD CONSTRAINT `journals_account_id_foreign` FOREIGN KEY (`account_id`) REFERENCES `x_accounts` (`id`);

--
-- Constraints for table `x_kins`
--
ALTER TABLE `x_kins`
ADD CONSTRAINT `kins_member_id_foreign` FOREIGN KEY (`member_id`) REFERENCES `x_members` (`id`);

--
-- Constraints for table `x_loanaccounts`
--
ALTER TABLE `x_loanaccounts`
ADD CONSTRAINT `loanaccounts_loanproduct_id_foreign` FOREIGN KEY (`loanproduct_id`) REFERENCES `x_loanproducts` (`id`),
ADD CONSTRAINT `loanaccounts_member_id_foreign` FOREIGN KEY (`member_id`) REFERENCES `x_members` (`id`);

--
-- Constraints for table `x_loanguarantors`
--
ALTER TABLE `x_loanguarantors`
ADD CONSTRAINT `loanguarantors_loanaccount_id_foreign` FOREIGN KEY (`loanaccount_id`) REFERENCES `x_loanaccounts` (`id`),
ADD CONSTRAINT `loanguarantors_member_id_foreign` FOREIGN KEY (`member_id`) REFERENCES `x_members` (`id`);

--
-- Constraints for table `x_loanpostings`
--
ALTER TABLE `x_loanpostings`
ADD CONSTRAINT `loanpostings_loanproduct_id_foreign` FOREIGN KEY (`loanproduct_id`) REFERENCES `x_loanproducts` (`id`);

--
-- Constraints for table `x_loanrepayments`
--
ALTER TABLE `x_loanrepayments`
ADD CONSTRAINT `loanrepayments_loanaccount_id_foreign` FOREIGN KEY (`loanaccount_id`) REFERENCES `x_loanaccounts` (`id`);

--
-- Constraints for table `x_loantransactions`
--
ALTER TABLE `x_loantransactions`
ADD CONSTRAINT `loantransactions_loanaccount_id_foreign` FOREIGN KEY (`loanaccount_id`) REFERENCES `x_loanaccounts` (`id`);

--
-- Constraints for table `x_members`
--
ALTER TABLE `x_members`
ADD CONSTRAINT `members_branch_id_foreign` FOREIGN KEY (`branch_id`) REFERENCES `x_branches` (`id`),
ADD CONSTRAINT `members_group_id_foreign` FOREIGN KEY (`group_id`) REFERENCES `x_groups` (`id`);

--
-- Constraints for table `x_orders`
--
ALTER TABLE `x_orders`
ADD CONSTRAINT `orders_product_id_foreign` FOREIGN KEY (`product_id`) REFERENCES `x_products` (`id`);

--
-- Constraints for table `x_permission_role`
--
ALTER TABLE `x_permission_role`
ADD CONSTRAINT `permission_role_permission_id_foreign` FOREIGN KEY (`permission_id`) REFERENCES `x_permissions` (`id`),
ADD CONSTRAINT `permission_role_role_id_foreign` FOREIGN KEY (`role_id`) REFERENCES `x_roles` (`id`);

--
-- Constraints for table `x_products`
--
ALTER TABLE `x_products`
ADD CONSTRAINT `products_vendor_id_foreign` FOREIGN KEY (`vendor_id`) REFERENCES `x_vendors` (`id`);

--
-- Constraints for table `x_savingaccounts`
--
ALTER TABLE `x_savingaccounts`
ADD CONSTRAINT `savingaccounts_fk` FOREIGN KEY (`savingproduct_id`) REFERENCES `x_savingproducts` (`id`),
ADD CONSTRAINT `savingaccounts_member_id_foreign` FOREIGN KEY (`member_id`) REFERENCES `x_members` (`id`);

--
-- Constraints for table `x_savingpostings`
--
ALTER TABLE `x_savingpostings`
ADD CONSTRAINT `savingpostings_savingproduct_id_foreign` FOREIGN KEY (`savingproduct_id`) REFERENCES `x_savingproducts` (`id`);

--
-- Constraints for table `x_savingtransactions`
--
ALTER TABLE `x_savingtransactions`
ADD CONSTRAINT `savingtransactions_savingaccount_id_foreign` FOREIGN KEY (`savingaccount_id`) REFERENCES `x_savingaccounts` (`id`);

--
-- Constraints for table `x_shareaccounts`
--
ALTER TABLE `x_shareaccounts`
ADD CONSTRAINT `shareaccounts_member_id_foreign` FOREIGN KEY (`member_id`) REFERENCES `x_members` (`id`);

--
-- Constraints for table `x_sharetransactions`
--
ALTER TABLE `x_sharetransactions`
ADD CONSTRAINT `sharetransactions_shareaccount_id_foreign` FOREIGN KEY (`shareaccount_id`) REFERENCES `x_shareaccounts` (`id`);

--
-- Constraints for table `x_users`
--
ALTER TABLE `x_users`
ADD CONSTRAINT `users_fk` FOREIGN KEY (`branch_id`) REFERENCES `x_branches` (`id`) ON DELETE NO ACTION ON UPDATE NO ACTION;

--
-- Constraints for table `x_user_role`
--
ALTER TABLE `x_user_role`
ADD CONSTRAINT `user_role_fk` FOREIGN KEY (`user_id`) REFERENCES `x_users` (`id`) ON DELETE CASCADE ON UPDATE CASCADE,
ADD CONSTRAINT `user_role_fk1` FOREIGN KEY (`role_id`) REFERENCES `x_roles` (`id`) ON DELETE CASCADE ON UPDATE CASCADE;

/*!40101 SET CHARACTER_SET_CLIENT=@OLD_CHARACTER_SET_CLIENT */;
/*!40101 SET CHARACTER_SET_RESULTS=@OLD_CHARACTER_SET_RESULTS */;
/*!40101 SET COLLATION_CONNECTION=@OLD_COLLATION_CONNECTION */;
